序号,代码,名称,最新价,涨跌幅,涨跌额,成交量,成交额,振幅,最高,最低,今开,昨收,量比,换手率,市盈率-动态,市净率,总市值,流通市值,涨速,5分钟涨跌,60日涨跌幅,年初至今涨跌幅
5245,001221,悍高集团,63.84,-5.3,-3.57,115230.0,740559337.09,13.54,69.98,60.85,69.8,67.41,1.55,32.99,48.1,10.12,25536638400.0,2229589401.0,-0.02,0.02,313.74,313.74
1121,002276,万马股份,20.57,0.0,0.0,2501196.0,5256879940.03,8.51,21.95,20.2,20.92,20.57,1.7,24.83,41.66,3.53,20863941927.0,20719248124.0,0.0,-0.1,46.09,144.59
743,600699,均胜电子,37.3,0.95,0.35,2127577.0,8151909326.0,7.71,39.7,36.85,36.95,36.95,1.77,15.7,36.78,3.73,52058512000.0,50543500921.0,0.11,0.0,114.24,142.05
190,002611,东方精工,18.58,4.44,0.79,1480283.0,2704169605.33,8.99,18.85,17.25,17.8,17.79,1.37,14.77,28.45,4.23,22617180197.0,18620833396.0,-0.05,0.0,54.58,93.14
4102,002131,利欧股份,6.26,-2.8,-0.18,8558348.0,5309532079.72,7.61,6.48,5.99,6.46,6.44,0.69,14.63,44.33,3.22,42391334681.0,36619271971.0,0.16,0.16,82.51,104.58
278,002245,蔚蓝锂芯,20.32,3.25,0.64,1502258.0,3019761242.36,5.23,20.59,19.56,19.8,19.68,0.96,13.85,35.18,3.24,23440888592.0,22045998214.0,0.05,0.25,50.41,91.16
5031,000988,华工科技,88.25,-4.44,-4.1,1162121.0,10381276079.42,10.41,95.55,85.94,93.98,92.35,1.19,11.56,48.69,8.45,88735613893.0,88689984230.0,0.16,-0.73,89.95,104.76
269,600143,金发科技,21.74,3.33,0.7,2831439.0,6069407135.0,5.89,21.98,20.74,20.79,21.04,0.77,10.9,48.96,3.15,57319960033.0,56463683805.0,0.0,-0.05,111.07,154.57
216,300457,赢合科技,35.22,4.08,1.38,609048.0,2122109864.41,6.74,35.88,33.6,34.04,33.84,1.02,9.55,42.17,3.5,22861151012.0,22457147499.0,0.0,0.14,63.74,85.17
174,002050,三花智控,45.03,4.79,2.06,3322881.0,14718508895.75,7.47,45.71,42.5,42.8,42.97,0.96,9.02,44.91,6.52,189527934853.0,165905088691.0,0.07,0.36,71.48,93.59
394,002472,双环传动,51.69,2.4,1.21,660990.0,3417136030.75,6.93,53.5,50.0,50.48,50.48,0.89,8.76,38.03,4.75,43900308316.0,39024755031.0,0.04,0.1,57.21,70.03
3736,002008,大族激光,43.7,-2.41,-1.08,805441.0,3577396726.87,11.88,47.62,42.3,46.71,44.78,1.13,8.42,46.09,2.77,44993668930.0,41808839718.0,-0.11,-0.21,78.95,77.21
4213,002555,三七互娱,21.59,-2.92,-0.65,1339082.0,2900562439.73,5.8,22.4,21.11,22.06,22.24,1.09,8.37,17.05,3.67,47762211533.0,34521703856.0,0.05,0.05,22.53,45.39
4169,300724,捷佳伟创,91.46,-2.87,-2.7,233339.0,2134680744.73,6.46,95.16,89.08,94.0,94.16,0.97,8.13,8.69,2.54,31801884576.0,26261461212.0,-0.03,-0.09,69.53,47.49
4919,001389,广合科技,81.63,-4.1,-3.49,120222.0,988885950.28,9.97,88.49,80.0,87.5,85.12,0.85,8.0,35.31,10.23,34711933050.0,12264301805.0,-0.01,-0.05,36.0,63.85
4612,000034,神州数码,44.03,-3.49,-1.59,458014.0,2033226732.98,7.1,46.32,43.08,45.95,45.62,0.96,7.61,37.18,2.93,31710236661.0,26488115265.0,-0.02,-0.05,18.68,26.56
2609,002145,中核钛白,5.75,-1.54,-0.09,2798660.0,1598043303.78,6.16,5.88,5.52,5.78,5.84,1.59,7.51,42.22,1.82,21888365052.0,21441019112.0,0.0,-0.17,38.55,36.26
184,300274,阳光电源,143.54,4.6,6.31,1186586.0,17037310345.25,8.27,148.55,137.2,137.2,137.23,1.21,7.46,19.24,7.0,297588767801.0,228186894309.0,0.22,0.19,108.97,97.28
3857,000021,深科技,22.73,-2.53,-0.59,1128624.0,2551410321.84,4.93,23.28,22.13,23.28,23.32,1.11,7.2,39.42,2.89,35624289652.0,35618577035.0,0.09,-0.04,21.36,20.46
977,600522,中天科技,17.24,0.35,0.06,2367042.0,4104387109.0,6.52,17.97,16.85,17.8,17.18,1.3,6.94,18.77,1.65,58839252000.0,58839252000.0,0.0,0.12,22.01,22.97
590,300666,江丰电子,82.35,1.44,1.17,153317.0,1235561005.6,4.56,82.4,78.7,82.2,81.18,1.09,6.93,43.24,4.64,21849158245.0,18212288256.0,0.1,0.06,10.14,19.09
609,300763,锦浪科技,82.62,1.36,1.11,222252.0,1828630353.46,5.94,84.85,80.01,80.8,81.51,0.78,6.91,27.31,3.72,32892165874.0,26563082255.0,0.01,-0.02,44.92,35.73
1540,603049,中策橡胶,50.5,-0.59,-0.3,58185.0,292856983.0,3.46,51.38,49.62,50.44,50.8,0.86,6.86,9.51,2.03,44161522699.0,4283582256.0,-0.02,-0.08,16.76,11.73
4121,002241,歌尔股份,34.15,-2.82,-0.99,2116981.0,7221862678.93,7.97,35.8,33.0,35.65,35.14,1.23,6.84,42.19,3.53,119543936004.0,105638812358.0,-0.03,-0.23,47.2,33.09
4961,002273,水晶光电,26.9,-4.24,-1.19,906865.0,2432506970.91,5.48,27.55,26.01,27.4,28.09,1.27,6.66,37.36,4.04,37408006745.0,36643498873.0,0.04,0.04,35.58,22.72
4697,600487,亨通光电,22.04,-3.63,-0.83,1616446.0,3579084467.0,7.61,23.3,21.56,23.1,22.87,0.99,6.61,16.85,1.82,54366831840.0,53891791995.0,0.0,0.09,44.52,29.72
857,002409,雅克科技,67.08,0.65,0.43,206438.0,1366371701.17,3.18,67.35,65.23,67.19,66.65,0.91,6.48,30.53,4.17,31925228640.0,21366505869.0,0.09,0.21,22.63,16.28
1390,000887,中鼎股份,25.28,-0.43,-0.11,832961.0,2102998210.52,4.69,25.77,24.58,25.5,25.39,0.68,6.34,20.36,2.43,33280860804.0,33227288970.0,0.04,0.16,43.55,94.91
318,300502,新易盛,353.0,2.92,10.0,555747.0,19658323223.47,9.27,369.8,338.0,361.11,343.0,1.24,6.28,44.5,28.95,350872240256.0,312543372470.0,-0.25,0.23,177.52,329.23
275,000400,许继电气,24.35,3.27,0.77,620920.0,1495669484.64,4.62,24.5,23.41,23.55,23.58,1.87,6.14,19.57,2.1,24806545674.0,24634925657.0,0.0,0.04,13.41,-10.81
4554,000938,紫光股份,29.44,-3.38,-1.03,1691841.0,4997641496.63,7.45,30.95,28.68,30.79,30.47,0.94,5.92,40.45,5.97,84200751491.0,84200751491.0,0.0,-0.1,23.44,6.05
876,002085,万丰奥威,18.55,0.6,0.11,1243698.0,2263210683.55,4.61,18.6,17.75,18.41,18.44,1.31,5.86,39.34,5.26,39387168996.0,39387168996.0,0.27,0.32,17.85,-1.59
333,300014,亿纬锂能,73.81,2.79,2.0,1079491.0,8032203461.01,7.09,76.88,71.79,71.81,71.81,1.34,5.8,47.03,3.92,150994703694.0,137392491221.0,0.04,-0.01,63.4,60.46
777,000737,北方铜业,14.12,0.86,0.12,1101008.0,1540763691.48,4.5,14.35,13.72,13.81,14.0,0.55,5.78,27.61,4.12,26894596062.0,26892078819.0,0.21,0.14,23.64,83.62
3787,603920,世运电路,46.14,-2.47,-1.17,410692.0,1898633691.0,7.65,48.3,44.68,48.08,47.31,0.69,5.7,43.27,5.16,33246032443.0,33246032443.0,0.0,-0.02,53.75,60.21
4217,603236,移远通信,100.81,-2.92,-3.03,145034.0,1453795437.0,6.26,104.48,97.98,104.0,103.84,1.12,5.54,27.99,5.99,26377708100.0,26377708100.0,0.06,-0.05,15.3,49.41
1047,002484,江海股份,32.59,0.18,0.06,440991.0,1454240596.13,8.95,34.49,31.58,34.35,32.53,1.15,5.37,38.66,4.63,27718575237.0,26739191116.0,0.18,0.28,58.2,88.16
1811,002236,大华股份,19.66,-0.86,-0.17,1130903.0,2224693745.38,5.04,20.27,19.27,20.18,19.83,0.92,5.34,13.05,1.74,64617614585.0,41599813903.0,0.1,0.1,24.19,26.51
1415,603799,华友钴业,52.48,-0.46,-0.24,971887.0,5116947394.0,5.48,54.17,51.28,52.1,52.72,1.04,5.31,17.86,2.15,96846379981.0,96049032448.0,0.06,0.19,37.82,82.41
4392,300100,双林股份,45.57,-3.13,-1.47,288844.0,1319497364.46,6.04,47.29,44.45,46.85,47.04,0.58,5.23,45.37,8.89,26065262576.0,25144889524.0,-0.02,0.0,-3.37,131.91
4556,000063,中兴通讯,43.5,-3.38,-1.52,2103793.0,9153775170.35,6.77,45.3,42.25,45.03,45.02,1.13,5.22,20.57,2.78,208083767585.0,175190163350.0,0.0,0.18,33.27,9.35
880,002518,科士达,40.11,0.58,0.23,289439.0,1167455992.18,7.05,41.62,38.81,40.66,39.88,0.91,5.12,45.73,5.23,23353048520.0,22667782006.0,0.07,0.28,78.98,79.87
4113,601059,信达证券,18.67,-2.81,-0.54,350245.0,654022326.0,3.23,19.02,18.4,19.0,19.21,0.7,5.06,29.56,2.99,60546810000.0,12912172000.0,0.0,-0.16,10.47,24.88
941,600930,华电新能,6.4,0.47,0.03,1244301.0,795170000.0,2.2,6.48,6.34,6.39,6.37,0.57,4.97,21.39,2.51,266971428570.0,16033121613.0,-0.16,-0.16,101.26,101.26
4680,600839,四川长虹,10.72,-3.6,-0.4,2250215.0,2406216265.0,5.67,11.11,10.48,11.11,11.12,0.88,4.88,49.4,3.31,49486138060.0,49472356524.0,0.09,-0.09,9.95,11.67
5006,600021,上海电力,18.8,-4.37,-0.86,1344388.0,2577860407.0,8.65,20.17,18.47,19.47,19.66,0.88,4.77,13.87,2.57,52954780526.0,52954780526.0,0.11,-0.05,111.24,111.47
259,002850,科达利,179.78,3.45,6.0,91760.0,1631938295.71,6.84,183.88,172.0,174.65,173.78,0.87,4.66,31.96,4.09,49171040459.0,35387480448.0,0.07,0.45,64.41,87.9
4370,301345,涛涛车业,217.98,-3.1,-6.98,13380.0,293325285.33,4.64,224.88,214.44,221.98,224.96,0.6,4.6,34.73,7.54,23770516497.0,6334051069.0,0.1,-0.01,77.94,248.16
227,600933,爱柯迪,23.59,3.92,0.89,447953.0,1056445652.0,8.11,24.28,22.44,22.44,22.7,0.97,4.58,20.28,2.74,23239020360.0,23056150680.0,0.43,0.68,48.65,47.44
606,600089,特变电工,16.32,1.37,0.22,2291459.0,3738115351.0,4.47,16.68,15.96,16.21,16.1,0.9,4.54,12.95,1.24,82461574759.0,82461574759.0,0.0,0.12,39.85,30.66
1157,601061,中信金属,8.93,0.0,0.0,226905.0,200112283.0,3.14,8.95,8.67,8.93,8.93,0.96,4.53,15.11,1.94,43757000000.0,4475303854.0,0.0,-0.11,12.19,25.95
915,600988,赤峰黄金,28.95,0.52,0.15,752248.0,2186157604.0,5.52,29.8,28.21,29.3,28.8,1.15,4.52,24.85,4.74,55016903603.0,48170234393.0,0.07,-0.1,14.38,87.38
4862,002429,兆驰股份,6.79,-3.96,-0.28,2035301.0,1386898802.99,7.5,7.15,6.62,7.08,7.07,0.92,4.5,23.23,1.91,30737926722.0,30720221192.0,0.0,-0.15,54.67,19.75
4130,600114,东睦股份,32.26,-2.83,-0.94,274614.0,887277949.0,6.3,33.59,31.5,33.2,33.2,0.67,4.46,39.03,6.66,20368430968.0,19884530968.0,0.12,0.06,58.68,103.28
1185,603290,斯达半导,108.08,-0.1,-0.11,106364.0,1122369497.0,4.93,108.23,102.9,107.6,108.19,1.19,4.44,46.98,3.8,25882292205.0,25882292205.0,0.0,-0.12,32.92,21.19
234,300251,光线传媒,19.42,3.85,0.72,1230473.0,2351007504.62,5.35,19.45,18.45,18.67,18.7,1.83,4.42,12.78,5.49,56970675749.0,54012909736.0,0.0,0.0,-1.57,110.17
1395,002126,银轮股份,41.9,-0.43,-0.18,343550.0,1454450812.08,6.7,43.82,41.0,42.46,42.08,0.66,4.38,39.63,5.38,34978002010.0,32857692440.0,0.05,0.17,75.61,125.27
1443,002739,万达电影,12.27,-0.49,-0.06,905688.0,1103893416.93,3.57,12.43,11.99,12.34,12.33,0.97,4.34,24.18,3.45,25911524747.0,25588528151.0,-0.24,0.0,6.51,1.07
265,603650,彤程新材,37.77,3.39,1.24,258397.0,950942933.0,5.15,37.88,36.0,36.56,36.53,1.56,4.33,32.23,6.95,22622547535.0,22559550272.0,0.32,0.32,15.89,9.57
3264,300017,网宿科技,11.23,-2.01,-0.23,979268.0,1091602564.37,5.06,11.5,10.92,11.48,11.46,1.15,4.27,36.87,2.8,27465576727.0,25743926225.0,0.27,0.27,6.45,8.82
1539,601137,博威合金,25.49,-0.59,-0.15,346234.0,876133282.0,5.81,26.09,24.6,25.97,25.64,1.03,4.26,15.33,2.43,20733734820.0,20709264420.0,0.35,0.51,42.64,28.74
4018,002463,沪电股份,77.9,-2.7,-2.16,805348.0,6371309625.81,11.74,84.45,75.05,82.98,80.06,1.28,4.19,44.53,11.76,149878304913.0,149757322240.0,0.03,-0.15,76.6,98.98
3846,000528,柳    工,10.82,-2.52,-0.28,833751.0,895736768.56,4.77,11.09,10.56,11.08,11.1,1.15,4.11,8.93,1.22,21968615583.0,21960627318.0,0.0,0.0,12.47,-8.23
892,002487,大金重工,44.21,0.57,0.25,258079.0,1139362234.97,7.35,46.09,42.86,44.0,43.96,0.93,4.09,25.8,3.63,28194898719.0,27892984960.0,0.07,-0.05,32.76,116.61
4700,300144,宋城演艺,8.99,-3.64,-0.34,955336.0,859093330.37,4.39,9.26,8.85,9.24,9.33,0.75,4.06,29.5,2.95,23577290331.0,21176186328.0,-0.11,-0.11,5.64,-1.1
4161,300059,东方财富,26.12,-2.86,-0.77,5378856.0,14045065628.6,3.31,26.59,25.7,26.57,26.89,0.92,4.02,37.07,4.82,412801464071.0,349391202529.0,0.04,0.04,14.16,1.4
273,300677,英科医疗,36.43,3.29,1.16,186343.0,679243916.26,7.0,37.53,35.06,35.39,35.27,1.69,4.01,16.79,1.31,23854136057.0,16944121636.0,-0.22,-0.33,49.49,44.68
2710,001696,宗申动力,24.47,-1.61,-0.4,352034.0,854030498.63,4.02,24.79,23.79,24.75,24.87,0.99,3.95,27.71,5.35,28018808732.0,21812514566.0,-0.04,-0.08,9.78,-0.93
3830,300866,安克创新,123.08,-2.51,-3.17,119042.0,1456929331.16,4.36,125.57,120.06,121.0,126.25,1.66,3.94,28.28,7.03,65990278023.0,37166918196.0,0.3,0.19,9.81,28.96
759,300002,神州泰岳,14.34,0.91,0.13,723441.0,1027205006.59,3.8,14.45,13.91,14.21,14.21,0.77,3.92,27.68,3.83,28209273238.0,26486717936.0,0.0,0.07,23.51,24.8
4569,603296,华勤技术,98.51,-3.4,-3.47,221412.0,2182895550.0,6.4,102.68,96.15,102.08,101.98,0.88,3.87,26.49,4.24,100061983676.0,56310168973.0,0.0,-0.21,24.02,40.63
299,600535,天士力,16.19,3.06,0.48,577227.0,935770362.0,3.63,16.5,15.93,16.44,15.71,4.01,3.86,15.61,1.95,24187050581.0,24187050581.0,0.0,0.06,3.12,13.53
811,002138,顺络电子,36.15,0.78,0.28,287137.0,1022815532.77,4.82,36.57,34.84,36.0,35.87,0.99,3.8,30.0,4.7,29148408497.0,27347786685.0,0.36,0.56,29.11,17.03
2042,002155,湖南黄金,21.71,-1.09,-0.24,578616.0,1270118950.35,3.55,22.34,21.56,22.2,21.95,0.95,3.7,25.87,4.65,33925160070.0,33922097679.0,0.0,-0.14,18.76,82.13
4534,300759,康龙化成,34.07,-3.35,-1.18,503780.0,1709628811.7,6.3,35.22,33.0,35.0,35.25,0.92,3.55,43.19,4.25,60583121537.0,48358433765.0,-0.03,-0.03,38.61,33.61
1626,002340,格林美,7.41,-0.67,-0.05,1805749.0,1335114037.94,4.42,7.57,7.24,7.45,7.46,1.01,3.55,23.76,1.89,37971056012.0,37686908255.0,0.27,0.14,17.99,14.71
1876,300037,新宙邦,46.0,-0.93,-0.43,189094.0,871140294.9,7.54,48.25,44.75,46.54,46.43,0.86,3.5,35.55,3.55,34397841498.0,24851778530.0,0.24,0.11,33.26,24.19
223,601001,晋控煤业,14.66,3.97,0.56,572614.0,829237851.0,8.16,14.89,13.74,14.14,14.1,1.24,3.42,14.0,1.34,24536442000.0,24536442000.0,-0.2,-0.27,29.05,13.47
3421,000878,云南铜业,15.05,-2.15,-0.33,682525.0,1031521785.72,5.2,15.57,14.77,15.31,15.38,0.58,3.41,11.45,1.96,30154606066.0,30154077314.0,0.13,0.13,15.86,25.94
4615,000657,中钨高新,17.35,-3.5,-0.63,427852.0,746258833.37,6.9,18.22,16.98,17.98,17.98,0.85,3.41,38.74,4.15,39539858493.0,21774721018.0,0.0,-0.06,42.8,91.71
413,601717,中创智领,25.17,2.28,0.56,504327.0,1265824912.0,5.28,25.8,24.5,25.06,24.61,1.29,3.27,8.93,2.04,44938516238.0,38816311424.0,-0.12,-0.04,63.02,112.23
4367,002202,金风科技,13.12,-3.1,-0.42,1095044.0,1442446454.03,4.73,13.56,12.92,13.42,13.54,0.79,3.26,18.63,1.48,55432887529.0,44021761388.0,0.0,0.0,28.88,28.75
4496,300285,国瓷材料,21.76,-3.29,-0.74,274299.0,595789948.28,6.04,22.56,21.2,22.56,22.5,1.17,3.26,32.7,3.14,21695770986.0,18307663871.0,0.0,-0.14,26.73,29.22
469,600489,中金黄金,20.37,1.95,0.39,1532240.0,3106244220.0,4.75,20.82,19.87,20.37,19.98,1.33,3.16,18.32,3.49,98739756929.0,98739756929.0,0.05,0.34,40.58,75.0
4820,605589,圣泉集团,32.43,-3.88,-1.31,241845.0,790342688.0,7.41,34.29,31.79,33.82,33.74,1.18,3.11,27.4,2.76,27448816795.0,25248726744.0,0.0,0.03,13.31,40.69
2009,001391,国货航,6.6,-1.05,-0.07,267030.0,175986356.69,1.8,6.67,6.55,6.67,6.67,0.96,3.11,32.49,3.16,80578616085.0,5667850716.0,0.0,0.15,-1.49,-27.87
3423,689009,九号公司-WD,66.79,-2.15,-1.47,169898.0,1126596631.0,5.24,68.18,64.6,67.58,68.26,1.0,3.09,19.27,7.02,47853752164.0,36767715602.0,-0.01,-0.3,12.95,44.01
1310,300373,扬杰科技,67.55,-0.32,-0.22,167415.0,1116618052.93,4.37,68.38,65.42,67.76,67.77,1.0,3.09,30.52,4.13,36703143012.0,36622087943.0,-0.01,0.07,27.26,58.2
3309,603659,璞泰来,26.6,-2.06,-0.56,638464.0,1703417141.0,5.27,27.47,26.04,27.16,27.16,0.99,2.99,26.92,2.98,56828215422.0,56828215422.0,0.08,0.04,45.43,69.0
207,002920,德赛西威,139.03,4.2,5.6,164930.0,2293804985.13,6.73,142.98,134.0,134.01,133.43,1.18,2.98,31.55,8.01,77154601318.0,76902471942.0,0.03,0.05,36.14,27.66
2122,002049,紫光国微,79.26,-1.15,-0.92,252477.0,1985271342.2,3.39,80.18,77.46,80.07,80.18,0.93,2.97,48.66,5.3,67341166377.0,67325330229.0,0.06,-0.14,20.97,23.53
4641,300316,晶盛机电,38.09,-3.55,-1.4,361041.0,1384142969.47,5.04,39.5,37.51,39.5,39.49,0.76,2.93,39.03,2.91,49880142328.0,46909946443.0,0.0,0.03,40.45,20.92
203,600637,XD东方明,8.87,4.23,0.36,980148.0,846534516.0,8.34,9.01,8.3,8.65,8.51,2.07,2.92,43.3,1.0,29820051377.0,29820051377.0,0.11,-0.11,22.85,17.8
3717,301301,川宁生物,11.03,-2.39,-0.27,179478.0,198140295.0,4.42,11.39,10.89,11.39,11.3,1.15,2.91,27.04,3.17,24597837550.0,6814139398.0,-0.09,0.0,-9.96,-4.83
2685,002624,完美世界,18.57,-1.59,-0.3,530665.0,984600385.66,5.09,19.08,18.12,18.81,18.87,0.64,2.9,35.8,5.21,36025213262.0,33941002571.0,0.54,0.43,22.57,83.86
1307,300751,迈为股份,87.85,-0.32,-0.28,56004.0,490454561.19,5.88,90.35,85.17,88.11,88.13,0.93,2.9,31.16,3.23,24545729777.0,16986009131.0,-0.06,-0.13,27.39,-15.57
447,605117,德业股份,70.79,2.09,1.45,260577.0,1830857572.0,3.94,71.67,68.94,68.94,69.34,1.15,2.88,21.03,6.82,64025882486.0,64025882486.0,0.06,0.14,34.86,20.58
4780,002312,川发龙蟒,10.62,-3.8,-0.42,540155.0,575891053.85,5.8,11.09,10.45,11.07,11.04,1.3,2.87,42.02,2.13,20064776134.0,20006159883.0,0.0,0.09,-6.84,-25.89
1168,300679,电连技术,56.97,-0.05,-0.03,102979.0,580608011.22,5.11,58.09,55.18,56.99,57.0,0.52,2.87,49.87,4.87,24201995400.0,20460505405.0,0.02,-0.18,23.93,-3.82
528,000426,兴业银锡,27.03,1.69,0.45,506541.0,1369105242.83,5.08,27.75,26.4,27.58,26.58,0.89,2.85,30.16,5.68,47995434025.0,47983803692.0,0.0,0.04,67.99,144.62
2316,603613,国联股份,29.59,-1.33,-0.4,204370.0,599391075.0,4.3,30.08,28.79,29.94,29.99,0.93,2.84,15.67,2.51,21320713887.0,21320713887.0,0.17,0.07,26.94,11.62
449,002517,恺英网络,27.44,2.08,0.56,534772.0,1455715692.36,5.36,27.94,26.5,26.8,26.88,0.97,2.83,30.85,7.15,58624002341.0,51835412581.0,0.22,0.51,37.34,103.11
2768,603341,龙旗科技,44.65,-1.65,-0.75,75022.0,334258500.0,4.03,45.65,43.82,45.65,45.4,0.6,2.82,29.47,3.76,20957885940.0,11886402904.0,0.11,0.0,11.24,-3.48
4264,600549,厦门钨业,27.7,-2.98,-0.85,437712.0,1218234230.0,5.92,28.87,27.18,28.56,28.55,0.83,2.82,22.62,2.7,43976127380.0,43043915846.0,0.14,0.04,31.53,46.95
4578,002423,中粮资本,13.3,-3.41,-0.47,647724.0,860665689.51,3.92,13.6,13.06,13.55,13.77,0.61,2.81,18.08,1.4,30644604148.0,30644604148.0,-0.08,0.0,11.76,0.53
3083,600702,舍得酒业,62.05,-1.9,-1.2,93585.0,581979450.0,3.42,63.52,61.36,63.0,63.25,0.79,2.81,23.29,2.93,20647688442.0,20639001442.0,0.0,-0.1,23.07,-5.28
408,601665,齐鲁银行,5.77,2.3,0.13,1709046.0,986286125.0,5.14,5.85,5.56,5.62,5.64,2.03,2.78,6.49,0.75,35507671369.0,35507671369.0,0.0,0.17,-11.23,8.46
4123,000750,国海证券,4.47,-2.83,-0.13,1593023.0,710267863.23,3.26,4.56,4.41,4.56,4.6,0.61,2.75,38.6,1.28,28546199912.0,25909031777.0,0.0,0.0,9.56,5.18
4909,601696,中银证券,14.33,-4.08,-0.61,758249.0,1090432626.0,4.89,14.83,14.1,14.8,14.94,1.21,2.73,35.23,2.15,39808740000.0,39808740000.0,0.0,0.0,35.06,28.64
1013,600711,盛屯矿业,8.2,0.24,0.02,836977.0,683593545.0,2.44,8.25,8.05,8.09,8.18,0.87,2.71,12.04,1.56,25343014718.0,25343014718.0,0.0,0.12,24.43,70.12
3547,603501,豪威集团,143.0,-2.26,-3.31,324923.0,4627929828.0,4.44,146.18,139.68,145.58,146.31,0.91,2.69,42.52,6.64,172459513655.0,172459513655.0,0.02,0.0,12.19,37.25
1937,600737,中粮糖业,16.97,-0.99,-0.17,571962.0,963143510.0,7.0,17.52,16.32,17.18,17.14,1.06,2.67,40.8,3.35,36296254429.0,36296254429.0,0.12,-0.29,86.48,73.16
594,600312,平高电气,15.76,1.42,0.22,357884.0,559971724.0,3.15,15.83,15.34,15.51,15.54,1.68,2.64,16.08,1.93,21385079830.0,21385079830.0,0.0,0.06,3.48,-17.27
2214,002683,广东宏大,44.44,-1.24,-0.56,173375.0,764593050.36,4.51,45.48,43.45,45.02,45.0,0.64,2.63,33.51,5.17,33774499857.0,29347517932.0,0.14,0.43,31.79,70.73
4167,000661,长春高新,118.6,-2.87,-3.5,104753.0,1247884238.63,4.41,122.39,117.0,121.75,122.1,0.85,2.62,24.61,2.12,48381390939.0,47395454552.0,0.05,0.08,21.72,22.42
4831,603259,药明康德,104.78,-3.9,-4.25,643314.0,6771720869.0,6.46,109.73,102.69,108.5,109.03,1.38,2.6,18.06,5.16,309258875798.0,259150304176.0,-0.16,0.07,48.2,95.08
2976,000630,铜陵有色,4.3,-1.83,-0.08,2818210.0,1210172391.24,4.79,4.42,4.21,4.39,4.38,0.89,2.56,19.83,1.6,57133977493.0,47388199235.0,0.0,0.0,26.47,37.38
728,300124,汇川技术,82.6,0.99,0.81,602815.0,4962073797.77,3.9,83.94,80.75,81.8,81.79,0.9,2.55,37.56,7.36,222994944694.0,195416663772.0,0.13,0.27,28.62,42.0
2368,300413,芒果超媒,31.75,-1.37,-0.44,257831.0,810978764.97,5.22,32.56,30.88,32.2,32.19,0.83,2.52,38.9,2.6,59395385876.0,32438973667.0,0.06,0.06,48.5,19.05
213,603444,吉比特,578.99,4.1,22.8,18145.0,1032150838.0,4.82,579.55,552.73,556.43,556.19,1.13,2.52,32.35,7.88,41711077068.0,41711077068.0,0.02,0.13,84.44,177.32
4444,600521,华海药业,21.7,-3.21,-0.72,363929.0,790073865.0,5.71,22.49,21.21,22.13,22.42,1.02,2.5,39.67,3.36,32490355640.0,31597351533.0,0.23,0.09,11.57,23.16
2504,600183,生益科技,58.63,-1.46,-0.87,595559.0,3525682945.0,10.55,62.68,56.4,62.32,59.5,1.2,2.49,49.92,10.02,142427685586.0,140389625525.0,-0.02,-0.05,92.23,150.02
3243,603087,甘李药业,72.13,-2.0,-1.47,136005.0,981953327.0,5.65,74.94,70.78,73.15,73.6,0.89,2.44,35.7,3.93,43099497653.0,40238339375.0,0.01,-0.08,27.48,67.32
329,603596,伯特利,52.64,2.81,1.44,146714.0,760252260.0,3.61,52.8,50.95,51.21,51.2,0.65,2.42,30.56,4.59,31926729565.0,31926729565.0,0.02,0.23,3.91,18.99
4905,000997,新 大 陆,26.86,-4.07,-1.14,240104.0,643409910.73,6.04,27.9,26.21,27.84,28.0,1.29,2.38,22.85,3.86,27211809997.0,27059821774.0,0.0,0.15,-15.0,36.07
4082,002939,长城证券,11.22,-2.77,-0.32,847652.0,944943888.55,3.12,11.39,11.03,11.35,11.54,0.6,2.35,16.35,1.45,45266270446.0,40421841060.0,0.09,0.18,34.69,38.35
878,300408,三环集团,50.0,0.6,0.3,437407.0,2174070819.8,7.87,52.0,48.09,50.97,49.7,0.96,2.34,38.73,4.72,95824868550.0,93490400850.0,0.28,0.02,52.49,31.13
221,002602,ST华通,20.6,3.99,0.79,1602571.0,3221127483.17,4.29,20.6,19.75,20.1,19.81,0.92,2.34,28.8,5.38,153018512231.0,141197229114.0,0.44,0.49,84.59,300.78
1506,600176,中国巨石,16.06,-0.56,-0.09,927578.0,1484429985.0,4.33,16.48,15.78,16.16,16.15,1.22,2.32,19.05,2.09,64290375852.0,64290375852.0,0.0,0.0,35.19,44.04
4930,601888,中国中免,70.01,-4.15,-3.03,453110.0,3203215402.0,4.04,72.64,69.69,72.52,73.04,0.93,2.32,27.86,2.62,144840821670.0,136692812835.0,-0.01,-0.21,15.51,6.14
1737,300012,华测检测,12.66,-0.78,-0.1,331727.0,419926252.98,5.09,13.08,12.43,12.8,12.76,1.09,2.32,22.8,2.95,21304605189.0,18126204250.0,0.16,0.16,8.86,2.68
346,300919,中伟股份,44.6,2.67,1.16,211057.0,915179904.15,5.99,44.6,42.0,43.2,43.44,1.13,2.31,28.55,2.05,41836069227.0,40700958462.0,0.0,0.22,37.02,24.69
709,000157,中联重科,7.8,1.04,0.08,1635889.0,1265233130.52,2.72,7.83,7.62,7.72,7.72,0.96,2.31,12.2,1.18,67458574841.0,55149255431.0,0.0,0.13,12.55,12.55
279,601018,宁波港,3.82,3.24,0.12,3591855.0,1376355950.0,7.57,3.97,3.69,3.71,3.7,2.9,2.27,14.31,0.94,74315763684.0,60384334353.0,0.0,0.0,3.8,2.14
2345,002468,申通快递,18.79,-1.36,-0.26,332351.0,618948170.46,4.62,19.11,18.23,18.71,19.05,1.03,2.27,31.73,2.89,28763772699.0,27568687361.0,0.7,0.8,73.18,86.78
1990,601615,明阳智能,13.39,-1.03,-0.14,512267.0,679587972.0,3.84,13.53,13.01,13.48,13.53,0.83,2.26,24.93,1.16,30415340893.0,30415340893.0,0.07,-0.07,18.39,8.69
884,600835,上海机电,27.73,0.58,0.16,182040.0,494214159.0,5.91,27.89,26.26,27.58,27.57,0.77,2.26,28.9,2.03,28360561011.0,22364364239.0,0.04,0.4,28.5,56.67
3163,002271,东方雨虹,12.09,-1.95,-0.24,426459.0,514580572.52,4.62,12.48,11.91,12.39,12.33,0.8,2.23,25.58,1.4,28879381380.0,23152127822.0,0.0,-0.08,24.0,8.63
3493,002821,凯莱英,108.65,-2.22,-2.47,70366.0,763076356.66,5.42,111.93,105.91,110.66,111.12,0.77,2.22,31.73,2.29,39178507678.0,34443887597.0,0.0,0.14,21.34,44.89
3637,002410,广联达,13.43,-2.33,-0.32,347155.0,464639755.24,3.71,13.73,13.22,13.71,13.75,1.12,2.19,46.77,3.79,22185612513.0,21327928891.0,0.07,0.0,1.9,15.68
2746,000581,威孚高科,21.72,-1.63,-0.36,174215.0,376946537.15,3.22,22.06,21.35,22.04,22.08,0.74,2.19,14.96,1.07,20998585252.0,17242792304.0,0.05,-0.05,14.92,20.6
2114,000100,TCL科技,4.32,-1.14,-0.05,3943811.0,1692409674.42,3.66,4.38,4.22,4.36,4.37,0.9,2.18,23.85,1.44,89859725771.0,78177942271.0,0.0,0.0,0.0,-13.25
3802,000960,锡业股份,20.07,-2.48,-0.51,358999.0,722297545.74,5.54,20.85,19.71,20.53,20.58,1.02,2.18,15.55,1.7,33031245177.0,33031245177.0,-0.1,-0.15,28.98,46.07
3306,002797,第一创业,7.65,-2.05,-0.16,916456.0,699468580.97,3.46,7.79,7.52,7.78,7.81,0.75,2.18,33.11,1.89,32148360000.0,32148360000.0,-0.13,0.0,8.66,-7.72
305,601939,建设银行,8.85,3.03,0.26,2062304.0,1809684089.0,4.66,8.9,8.5,8.56,8.59,1.56,2.15,7.14,0.69,2315163375912.0,84903869813.0,0.11,0.0,-8.86,5.48
4277,300628,亿联网络,36.99,-2.99,-1.14,152980.0,567364668.22,5.19,38.38,36.4,38.29,38.13,0.85,2.11,18.89,5.88,46856375510.0,26843537468.0,-0.08,-0.13,6.42,-0.83
1277,300003,乐普医疗,17.83,-0.28,-0.05,340471.0,608603556.33,5.98,18.5,17.43,17.96,17.88,0.84,2.11,24.27,2.19,33531308144.0,28815047381.0,0.06,0.17,21.54,61.36
1302,000733,振华科技,49.01,-0.31,-0.15,114609.0,559486337.37,3.32,49.84,48.21,49.3,49.16,0.74,2.07,43.53,1.81,27159843813.0,27156182766.0,0.02,-0.1,-2.06,16.72
4472,002152,广电运通,13.64,-3.26,-0.46,509620.0,693368231.69,5.04,14.07,13.36,14.04,14.1,0.85,2.05,36.35,2.7,33873342729.0,33856303845.0,0.0,0.0,3.26,19.02
3263,002203,海亮股份,12.19,-2.01,-0.25,447001.0,548556396.08,4.5,12.65,12.09,12.44,12.44,1.12,2.03,19.44,1.71,27665485163.0,26810604083.0,-0.16,0.0,19.63,15.22
1345,603160,汇顶科技,80.49,-0.37,-0.3,92158.0,733957059.0,3.71,81.0,78.0,80.8,80.79,1.16,1.99,43.19,4.12,37192757545.0,37192757545.0,0.11,0.25,13.06,0.42
1424,002080,中材科技,36.13,-0.47,-0.17,334544.0,1222890362.56,8.57,38.26,35.15,36.9,36.3,0.93,1.99,30.36,3.17,60630605090.0,60630605090.0,-0.03,0.22,68.44,180.95
249,835185,贝特瑞,32.55,3.6,1.13,219973.0,707298149.31,6.02,33.15,31.26,31.49,31.42,1.3,1.98,38.34,3.01,36694873025.0,36103581052.0,0.06,-0.03,42.51,69.44
937,000725,京东方Ａ,4.16,0.48,0.02,7129825.0,2932731471.1,3.14,4.18,4.05,4.15,4.14,1.21,1.94,23.97,1.17,155641742730.0,152697168836.0,0.0,0.0,4.26,-4.15
2938,600196,复星医药,30.24,-1.79,-0.55,406334.0,1227429038.0,4.19,31.06,29.77,30.78,30.79,0.96,1.92,23.72,1.7,80753782788.0,64063102068.0,0.07,0.07,21.06,23.28
2111,600026,中远海能,12.09,-1.14,-0.14,668097.0,805732207.0,4.25,12.36,11.84,12.0,12.23,0.99,1.92,15.43,1.62,57678686616.0,42010046616.0,0.08,0.17,19.7,6.15
2839,603345,XD安井食,70.77,-1.71,-1.23,56267.0,397493310.0,3.28,72.36,70.0,72.36,72.0,0.98,1.92,17.45,1.77,23586857718.0,20756432799.0,0.07,0.31,-8.47,-9.39
3262,600497,驰宏锌锗,5.85,-2.01,-0.12,954453.0,558638349.0,3.85,6.0,5.77,5.96,5.97,0.8,1.89,15.81,1.8,29486225826.0,29486225826.0,0.0,0.17,9.76,7.54
3483,002594,比亚迪,105.6,-2.21,-2.39,650963.0,6888232045.71,2.82,107.69,104.64,107.45,107.99,0.95,1.87,31.04,4.57,962776062864.0,368252736509.0,-0.03,0.13,-3.23,13.67
2160,600704,物产中大,5.82,-1.19,-0.07,964433.0,556097010.0,2.89,5.87,5.7,5.86,5.89,0.83,1.87,7.38,0.74,30096266960.0,30096266960.0,-0.17,0.0,14.12,20.0
389,000975,山金国际,21.46,2.43,0.51,468969.0,1007477265.28,4.15,21.88,21.01,21.23,20.95,1.18,1.86,18.67,4.39,59588459807.0,54238700184.0,0.09,0.0,9.83,42.97
2029,601669,中国电建,5.57,-1.07,-0.06,2409953.0,1337299812.0,2.13,5.62,5.5,5.61,5.63,1.01,1.84,8.84,0.67,95949707490.0,72808398985.0,0.0,0.18,17.76,4.5
2093,600120,浙江东方,6.15,-1.13,-0.07,629471.0,387903151.0,4.18,6.34,6.08,6.23,6.22,0.72,1.84,25.8,1.32,21004596176.0,21004596176.0,0.16,0.16,2.67,34.28
3755,601375,中原证券,4.42,-2.43,-0.11,635078.0,279820789.0,3.31,4.51,4.36,4.5,4.53,0.75,1.84,39.42,1.45,20521550374.0,15238037074.0,0.0,0.0,7.28,2.79
5110,000959,首钢股份,3.98,-4.78,-0.2,1189477.0,477457024.29,6.46,4.18,3.91,4.14,4.18,0.66,1.83,23.49,0.62,30864770133.0,25898909315.0,-0.25,-0.5,13.39,31.35
3420,601233,桐昆股份,13.68,-2.15,-0.3,435883.0,591103944.0,4.72,13.99,13.33,13.95,13.98,2.13,1.82,15.0,0.87,32897387295.0,32775885912.0,-0.15,-0.73,29.18,16.92
3046,601127,赛力斯,142.0,-1.87,-2.7,274909.0,3887993354.0,3.32,144.32,139.52,144.32,144.7,0.87,1.82,39.43,8.67,231937984212.0,214389071406.0,-0.06,-0.02,4.02,7.23
4417,600754,锦江酒店,23.63,-3.16,-0.77,162881.0,386644919.0,3.48,24.22,23.37,24.2,24.4,0.58,1.8,34.02,1.63,25223106339.0,21436295315.0,0.0,-0.04,7.65,-10.76
5310,600415,小商品城,18.27,-5.82,-1.13,985078.0,1829536580.0,7.99,19.55,18.0,19.34,19.4,1.66,1.8,29.62,4.91,100186211068.0,100171861810.0,-0.22,-0.27,-5.97,39.68
1129,002266,浙富控股,3.91,0.0,0.0,874066.0,339997737.22,2.56,3.94,3.84,3.9,3.91,0.9,1.78,18.02,1.76,20407351182.0,19146492098.0,-0.26,0.0,26.13,27.36
1005,601699,潞安环能,14.98,0.27,0.04,527454.0,789108132.0,5.56,15.39,14.56,14.75,14.94,0.71,1.76,16.62,0.96,44811309816.0,44811309816.0,0.0,0.0,43.49,7.38
405,600547,山东黄金,39.38,2.31,0.89,636597.0,2504872678.0,5.33,40.55,38.5,38.99,38.49,1.33,1.76,32.32,6.8,181539024695.0,142336779005.0,0.03,0.03,18.76,75.18
328,601877,正泰电器,28.19,2.81,0.77,379287.0,1065612205.0,5.0,28.6,27.23,27.42,27.42,1.72,1.76,11.86,1.41,60579435433.0,60579435433.0,0.14,0.21,24.08,23.59
1673,600362,江西铜业,28.44,-0.73,-0.21,365068.0,1040597640.0,3.77,29.12,28.04,28.59,28.65,0.61,1.76,11.8,1.23,98480024278.0,59020036198.0,0.0,-0.07,23.17,42.63
1639,000983,山西焦煤,7.25,-0.68,-0.05,809842.0,585259181.42,2.74,7.33,7.13,7.25,7.3,0.63,1.75,20.3,1.13,41158982678.0,33641548085.0,0.0,0.28,18.66,-9.6
2079,002056,横店东磁,17.67,-1.12,-0.2,283803.0,499300294.6,5.26,18.14,17.2,17.88,17.87,0.93,1.75,14.09,2.76,28744002348.0,28714308531.0,0.0,-0.06,24.7,41.25
337,002966,苏州银行,8.23,2.75,0.22,769970.0,630026083.31,4.37,8.27,7.92,7.97,8.01,1.85,1.75,5.87,0.74,36793548351.0,36180899028.0,0.12,0.0,-10.83,4.05
1220,000875,吉电股份,5.65,-0.18,-0.01,571696.0,321364628.76,3.0,5.72,5.55,5.63,5.66,0.73,1.71,14.12,1.17,20494079037.0,18884587499.0,0.18,0.18,10.57,8.24
2741,300896,爱美客,179.97,-1.63,-2.98,35474.0,637813239.65,2.66,182.9,178.03,182.1,182.95,1.03,1.7,34.49,7.68,54457493218.0,37540224853.0,0.01,0.07,3.85,0.71
2783,300442,润泽科技,52.56,-1.67,-0.89,276152.0,1448374383.2,5.84,54.25,51.13,54.15,53.45,0.86,1.7,48.69,8.05,85901098197.0,85587338018.0,0.0,0.06,10.65,1.41
2102,300999,金龙鱼,31.54,-1.13,-0.36,91555.0,288104628.88,2.45,31.96,31.18,31.88,31.9,0.87,1.69,48.7,1.8,170996997045.0,17115089439.0,-0.06,-0.03,7.21,-2.95
1166,601168,西部矿业,18.96,-0.05,-0.01,401485.0,761477301.0,4.01,19.32,18.56,18.93,18.97,0.8,1.68,12.08,2.72,45181680000.0,45181680000.0,-0.05,0.0,12.59,25.81
3879,300627,华测导航,35.38,-2.56,-0.93,107947.0,382055930.72,4.3,36.4,34.84,36.16,36.31,1.09,1.67,42.55,7.22,27780796597.0,22889367742.0,-0.06,-0.03,1.58,19.93
898,300487,蓝晓科技,56.09,0.56,0.31,50864.0,283811151.84,4.45,56.98,54.5,55.62,55.78,0.96,1.66,32.03,7.32,28474962887.0,17198703550.0,0.32,0.16,14.42,18.66
1832,603338,浙江鼎力,54.92,-0.88,-0.49,84203.0,459643978.0,2.92,55.5,53.88,55.2,55.41,0.48,1.66,13.22,2.63,27808625515.0,27808625515.0,0.05,0.09,18.08,-13.54
3872,600048,保利发展,7.62,-2.56,-0.2,1940203.0,1483754652.0,2.56,7.78,7.58,7.76,7.82,0.89,1.62,16.82,0.48,91214778845.0,91214778845.0,0.0,-0.13,-2.93,-12.31
3838,002244,滨江集团,11.98,-2.52,-0.31,430781.0,517641869.03,3.42,12.27,11.85,12.25,12.29,0.91,1.6,10.06,1.27,37275097802.0,32177074393.0,-0.08,-0.17,27.72,40.45
1708,000423,东阿阿胶,46.84,-0.76,-0.36,102339.0,476061895.2,2.61,47.32,46.09,47.21,47.2,1.21,1.59,18.44,2.93,30163874436.0,30118967101.0,-0.02,0.0,-7.16,-22.17
1729,600348,华阳股份,7.66,-0.78,-0.06,574424.0,437812258.0,2.72,7.73,7.52,7.65,7.72,0.75,1.59,17.65,1.01,27633450000.0,27633450000.0,0.0,0.13,18.58,12.98
4979,000617,中油资本,10.3,-4.28,-0.46,2012143.0,2070580214.42,5.67,10.67,10.06,10.66,10.76,0.91,1.59,25.08,1.26,130213414514.0,130213414514.0,-0.19,-0.29,44.06,52.14
2109,000933,神火股份,19.01,-1.14,-0.22,356500.0,676408371.13,2.91,19.28,18.72,19.13,19.23,0.67,1.59,11.23,1.91,42760154317.0,42727930085.0,0.05,-0.11,10.59,15.91
2590,002841,视源股份,39.64,-1.52,-0.61,81889.0,320965963.28,4.35,40.25,38.5,40.25,40.25,1.08,1.57,34.69,2.18,27590095844.0,20666133479.0,0.03,0.05,15.27,9.41
2628,600079,人福医药,21.12,-1.54,-0.33,242768.0,511559432.0,2.7,21.42,20.84,21.41,21.45,0.93,1.57,14.93,1.88,34472612381.0,32591935622.0,0.0,0.05,1.88,-8.41
3438,601456,国联民生,10.81,-2.17,-0.24,406036.0,437976478.0,2.35,10.95,10.69,10.95,11.05,0.89,1.56,27.24,1.2,61407208233.0,28080961240.0,-0.18,-0.28,5.57,-19.69
3495,000830,鲁西化工,13.65,-2.22,-0.31,296646.0,402666866.48,4.51,13.99,13.36,13.88,13.96,1.09,1.56,17.02,1.38,25993954500.0,25991905881.0,0.07,-0.15,32.14,20.37
933,600958,东方证券,10.57,0.48,0.05,1142305.0,1194318235.0,2.76,10.58,10.29,10.45,10.52,0.78,1.53,12.97,1.12,89809540736.0,78952433872.0,0.09,0.09,9.65,1.05
2244,000513,丽珠集团,38.24,-1.27,-0.49,89322.0,340380644.74,2.97,38.85,37.7,38.79,38.73,1.38,1.53,13.49,2.53,34572800443.0,22337754818.0,0.08,-0.05,4.62,3.58
398,600060,海信视像,22.7,2.34,0.52,198036.0,444453179.0,3.2,22.79,22.08,22.18,22.18,1.01,1.52,14.03,1.5,29622870166.0,29513829967.0,-0.22,-0.26,0.4,19.1
319,000027,深圳能源,6.7,2.92,0.19,719598.0,477737491.45,3.99,6.76,6.5,6.52,6.51,3.28,1.51,9.35,0.98,31874512437.0,31874512437.0,0.0,0.15,4.36,5.85
2115,002444,巨星科技,33.0,-1.14,-0.38,173414.0,562125750.78,4.88,33.42,31.79,33.26,33.38,0.81,1.51,15.48,2.18,39417780006.0,37852081674.0,0.15,0.0,31.63,2.01
3810,600390,五矿资本,5.87,-2.49,-0.15,674424.0,395325231.0,3.32,6.0,5.8,6.0,6.02,0.76,1.5,25.12,0.62,26403644244.0,26403644244.0,-0.17,-0.17,2.26,-8.99
3571,000807,云铝股份,19.25,-2.28,-0.45,520742.0,1001594027.08,4.92,19.79,18.82,19.71,19.7,1.08,1.5,12.06,2.18,66758180046.0,66757480232.0,0.47,0.31,16.1,44.19
505,002353,杰瑞股份,50.91,1.76,0.88,103034.0,521402208.0,5.9,52.25,49.3,50.67,50.03,1.11,1.49,21.0,2.39,52124500458.0,35293046440.0,0.02,0.06,46.17,40.25
3517,601555,东吴证券,9.2,-2.23,-0.21,733084.0,673730659.0,3.08,9.39,9.1,9.36,9.41,0.96,1.48,11.83,1.07,45712066100.0,45712066100.0,-0.11,-0.11,2.34,21.69
1879,603606,东方电缆,59.84,-0.93,-0.56,101669.0,605432566.0,5.25,61.47,58.3,60.95,60.4,1.06,1.48,43.51,5.77,41152887621.0,41152887621.0,-0.18,-0.37,15.59,14.86
4257,832982,锦波生物,286.4,-2.97,-8.76,8989.0,258544245.28,4.37,296.72,283.83,294.1,295.16,1.42,1.47,42.03,20.02,32954713376.0,17532942027.0,0.07,0.25,-27.49,81.62
926,000338,潍柴动力,14.14,0.5,0.07,734907.0,1037030843.13,1.85,14.27,14.01,14.09,14.07,0.8,1.47,10.92,1.38,123239592125.0,70490249319.0,0.0,0.0,-6.11,5.92
175,601009,南京银行,10.96,4.78,0.5,1795573.0,1955806053.0,5.74,11.03,10.43,10.47,10.46,3.42,1.45,5.37,0.76,135504697005.0,135504697005.0,-0.09,0.0,-8.21,4.88
2951,600166,福田汽车,2.72,-1.81,-0.05,1151382.0,311994151.0,3.25,2.77,2.68,2.77,2.77,0.82,1.45,13.86,1.43,21535328998.0,21535328998.0,0.0,-0.37,-2.51,8.37
727,600546,山煤国际,10.18,0.99,0.1,285433.0,289194600.0,2.88,10.26,9.97,10.01,10.08,1.03,1.44,15.41,1.27,20181403505.0,20181403505.0,0.0,0.1,17.15,-8.62
4895,002601,龙佰集团,18.51,-4.04,-0.78,286573.0,535491034.7,4.51,19.26,18.39,19.17,19.29,1.01,1.44,15.94,1.9,44170288169.0,36794469736.0,-0.11,-0.16,13.35,7.8
1041,300699,光威复材,29.73,0.2,0.06,118656.0,351578851.94,2.8,30.06,29.23,29.66,29.67,1.13,1.44,45.86,4.6,24716094960.0,24421501847.0,0.0,0.0,-5.32,-12.94
3324,600906,财达证券,7.1,-2.07,-0.15,302816.0,214355889.0,2.48,7.19,7.01,7.19,7.25,1.0,1.43,30.76,1.92,23039500000.0,15082068145.0,-0.14,0.0,4.57,1.43
1553,601231,环旭电子,19.87,-0.6,-0.12,314997.0,630594014.0,5.7,20.64,19.5,19.94,19.99,1.1,1.43,34.2,2.41,43642334275.0,43642334275.0,0.0,-0.2,36.56,22.13
3097,601216,君正集团,5.16,-1.9,-0.1,1210546.0,622072591.0,3.42,5.26,5.08,5.26,5.26,1.21,1.43,11.34,1.55,43540169732.0,43540169732.0,0.0,0.0,-5.49,0.98
2472,002120,韵达股份,7.52,-1.44,-0.11,401824.0,301298900.41,2.88,7.63,7.41,7.6,7.63,0.72,1.43,20.62,1.08,21801949130.0,21169732104.0,0.0,0.13,12.41,2.73
1223,601156,东航物流,15.99,-0.19,-0.03,134081.0,213054936.0,1.5,16.02,15.78,16.02,16.02,0.96,1.42,9.85,1.38,25385013340.0,15104082940.0,0.06,0.06,21.41,-3.56
2158,600885,宏发股份,25.67,-1.19,-0.31,202851.0,521221868.0,3.43,26.19,25.3,26.05,25.98,0.78,1.39,19.43,3.9,37471703950.0,37471703950.0,-0.04,0.12,14.8,14.8
2344,600380,健康元,12.33,-1.36,-0.17,251868.0,308659441.0,3.12,12.51,12.12,12.47,12.5,1.01,1.38,14.37,1.54,22557160249.0,22557160249.0,0.08,0.24,12.4,11.38
639,600016,民生银行,4.09,1.24,0.05,4904786.0,2000393915.0,2.72,4.12,4.01,4.04,4.04,0.89,1.38,4.19,0.32,179070091673.0,145040083941.0,0.0,0.0,-12.04,4.07
3948,002926,华西证券,9.66,-2.62,-0.26,362040.0,350433790.53,3.53,9.9,9.55,9.81,9.92,0.93,1.38,24.76,1.07,25357500000.0,25357500000.0,0.0,0.1,9.03,17.38
3600,300888,稳健医疗,37.62,-2.31,-0.89,79811.0,299418499.3,4.18,38.52,36.91,38.5,38.51,1.29,1.37,22.26,1.9,21907247377.0,21883470032.0,0.03,-0.05,-8.64,-9.09
1923,603766,隆鑫通用,12.26,-0.97,-0.12,282105.0,341793769.0,4.12,12.46,11.95,12.41,12.38,0.8,1.37,11.72,2.67,25176423081.0,25176423081.0,-0.08,0.0,-4.07,40.92
674,600941,中国移动,106.17,1.13,1.19,123936.0,1307763020.0,1.63,106.21,104.5,104.8,104.98,1.07,1.37,13.63,1.65,2295505112150.0,95846864439.0,0.0,0.0,-3.53,-6.35
580,002371,北方华创,418.8,1.48,6.1,99394.0,4102849098.24,4.13,422.05,405.0,417.67,412.7,0.84,1.37,47.26,8.97,303248334996.0,303005702378.0,0.02,0.19,27.84,44.99
3555,000783,长江证券,7.78,-2.26,-0.18,750212.0,582700000.65,2.89,7.92,7.69,7.9,7.96,0.92,1.36,12.39,1.25,43023967535.0,43023967535.0,0.0,0.0,12.27,16.64
1208,600875,东方电气,18.67,-0.16,-0.03,275623.0,510954570.0,2.99,18.85,18.29,18.64,18.7,0.9,1.36,16.57,1.49,63298027286.0,37780221050.0,0.0,0.05,14.68,20.53
2203,601966,玲珑轮胎,15.24,-1.23,-0.19,198587.0,302424276.0,2.01,15.43,15.12,15.4,15.43,0.98,1.36,13.05,0.97,22303780889.0,22303780889.0,0.0,-0.07,4.53,-15.14
695,600926,杭州银行,15.22,1.06,0.16,982160.0,1500787682.0,3.45,15.45,14.93,15.07,15.06,1.92,1.35,4.73,0.84,110329818781.0,110329818781.0,-0.07,0.2,-10.73,6.21
2984,600109,国金证券,9.66,-1.83,-0.18,499774.0,480468825.0,3.15,9.81,9.5,9.8,9.84,1.14,1.35,16.14,1.04,35863324867.0,35863324867.0,0.21,0.0,12.2,12.2
2636,600219,南山铝业,3.82,-1.55,-0.06,1550597.0,593893764.0,2.32,3.89,3.8,3.86,3.88,0.78,1.34,8.45,0.86,44364222639.0,44364222639.0,-0.26,-0.26,-1.04,0.0
835,601128,常熟银行,7.0,0.72,0.05,445426.0,311331827.0,1.73,7.03,6.91,6.94,6.95,0.78,1.34,5.9,0.8,23215600709.0,23215600709.0,-0.14,-0.14,-4.89,7.69
502,601899,紫金矿业,25.82,1.77,0.45,2761082.0,7111485401.0,4.45,26.38,25.25,25.6,25.37,1.17,1.34,14.73,4.89,686232959131.0,531580567939.0,0.0,0.04,29.75,73.99
753,000429,粤高速Ａ,10.88,0.93,0.1,174874.0,189050641.67,2.04,10.92,10.7,10.76,10.78,1.2,1.34,10.76,2.16,22747970651.0,14180229377.0,0.0,0.09,-15.98,-23.27
618,601916,浙商银行,3.05,1.33,0.04,2894821.0,875762816.0,2.99,3.06,2.97,3.01,3.01,1.78,1.34,5.46,0.48,83767139687.0,65710529687.0,-0.33,-0.33,-12.36,10.91
963,601866,中远海发,2.62,0.38,0.01,1295642.0,335324606.0,2.68,2.62,2.55,2.6,2.61,0.92,1.33,17.82,1.13,34577858248.0,25550197608.0,0.0,0.38,6.5,1.16
543,605090,九丰能源,32.77,1.61,0.52,89223.0,287549016.0,3.63,32.77,31.6,32.13,32.25,0.71,1.32,12.92,2.15,22248280527.0,22196884518.0,0.06,0.31,30.25,19.95
634,600008,首创环保,3.2,1.27,0.04,968232.0,306301235.0,1.9,3.2,3.14,3.16,3.16,0.71,1.32,12.64,1.15,23489890166.0,23489890166.0,0.0,0.63,5.26,2.89
885,600595,中孚实业,5.18,0.58,0.03,525954.0,271398587.0,4.08,5.28,5.07,5.15,5.15,0.62,1.31,14.67,1.28,20760948491.0,20760948491.0,-0.19,0.0,7.47,83.04
2457,601600,中国铝业,7.58,-1.43,-0.11,1724444.0,1310092117.0,2.99,7.72,7.49,7.65,7.69,0.72,1.31,9.2,1.82,130039691151.0,99795417936.0,0.0,0.13,9.06,4.99
2453,603605,珀莱雅,79.15,-1.43,-1.15,51633.0,408783298.0,1.88,80.2,78.69,80.05,80.3,1.05,1.3,19.63,5.52,31343815696.0,31341493118.0,0.03,0.1,-3.8,-5.23
1974,000039,中集集团,7.75,-1.02,-0.08,300328.0,232379705.83,2.43,7.86,7.67,7.81,7.83,0.91,1.3,16.35,0.87,41792032984.0,17835905343.0,-0.13,-0.13,0.39,1.97
4027,600160,巨化股份,35.85,-2.71,-1.0,350542.0,1257870828.0,4.29,36.78,35.2,36.04,36.85,0.96,1.3,23.6,5.03,96785897004.0,96785897004.0,0.06,-0.11,23.62,50.06
2437,000623,吉林敖东,18.68,-1.42,-0.27,155166.0,288516777.23,2.37,18.86,18.41,18.85,18.95,1.25,1.3,8.72,0.75,22339325829.0,22248316981.0,-0.05,-0.05,12.19,10.01
2077,600563,法拉电子,115.75,-1.12,-1.31,29001.0,335121293.0,3.53,118.0,113.87,117.06,117.06,0.78,1.29,22.87,4.82,26043750000.0,26043750000.0,0.03,0.03,3.52,-1.0
3345,002603,以岭药业,15.94,-2.09,-0.34,177023.0,282759429.79,3.5,16.34,15.77,16.28,16.28,1.03,1.29,19.92,2.45,26631043693.0,21946937020.0,0.0,0.0,12.33,-0.44
2959,600801,华新水泥,17.9,-1.81,-0.33,168527.0,302415723.0,4.55,18.49,17.66,18.0,18.23,0.68,1.25,16.86,1.22,37214022117.0,24062534117.0,-0.28,-0.06,51.82,53.78
2846,601901,方正证券,8.01,-1.72,-0.14,1030607.0,823439701.0,2.21,8.1,7.92,8.09,8.15,1.14,1.25,13.83,1.32,65939132174.0,65939132174.0,0.13,0.13,2.43,-3.14
492,000738,航发控制,19.31,1.85,0.35,164807.0,313775403.1,3.96,19.41,18.66,18.96,18.96,1.63,1.25,41.16,2.04,25396203059.0,25396203059.0,-0.1,-0.31,-6.71,-12.51
1925,600030,中信证券,28.5,-0.97,-0.28,1497357.0,4261899074.0,1.95,28.81,28.25,28.63,28.78,0.62,1.23,15.39,1.55,422385584627.0,347031702759.0,0.0,0.07,5.13,-1.35
790,002948,青岛银行,4.84,0.83,0.04,381322.0,184236933.02,2.71,4.88,4.75,4.78,4.8,1.11,1.23,4.6,0.71,28170516864.0,15064119634.0,-0.21,0.21,-4.54,30.11
427,600848,上海临港,9.69,2.22,0.21,294022.0,280863794.0,5.49,9.74,9.22,9.5,9.48,1.81,1.23,36.97,1.34,24442899069.0,23197009925.0,-0.1,0.0,8.75,-2.12
1288,601333,广深铁路,3.34,-0.3,-0.01,697139.0,231114467.0,2.09,3.35,3.28,3.35,3.35,1.08,1.23,10.67,0.85,23659013580.0,18878471580.0,0.0,0.0,18.44,-0.6
1026,000582,北部湾港,8.56,0.23,0.02,228741.0,195380153.06,1.87,8.62,8.46,8.5,8.54,1.04,1.23,19.1,1.09,20284243171.0,15864950031.0,0.0,0.12,3.13,9.32
518,000791,甘肃能源,6.49,1.72,0.11,235804.0,151402186.15,2.98,6.52,6.33,6.39,6.38,1.4,1.22,12.76,1.52,21052519926.0,12562185391.0,-0.15,-0.15,2.85,10.94
3491,002673,西部证券,8.36,-2.22,-0.19,501714.0,419448231.06,2.81,8.51,8.27,8.5,8.55,1.02,1.22,23.8,1.28,37365703054.0,34352735253.0,-0.12,-0.12,7.46,3.72
1798,601598,中国外运,7.04,-0.85,-0.06,638696.0,451396519.0,3.52,7.19,6.94,7.11,7.1,1.44,1.22,13.15,1.27,51196273040.0,37001654800.0,0.14,0.0,46.67,35.12
1918,601016,节能风电,3.11,-0.96,-0.03,718748.0,221906417.0,2.23,3.13,3.06,3.12,3.14,0.7,1.2,15.96,1.15,20132243056.0,18556884003.0,0.0,0.0,6.51,0.32
440,002028,思源电气,102.0,2.12,2.12,72482.0,729084020.62,3.95,102.45,98.5,99.88,99.88,1.08,1.19,30.71,5.94,79397338764.0,61892321022.0,0.0,0.11,40.48,41.27
2577,601788,光大证券,18.26,-1.51,-0.28,465827.0,847220942.0,2.48,18.46,18.0,18.45,18.54,0.67,1.19,25.01,1.41,84192982288.0,71336320800.0,0.0,0.0,3.28,1.44
3431,002648,卫星化学,18.56,-2.16,-0.41,396565.0,736145216.57,3.06,18.94,18.36,18.92,18.97,1.13,1.18,11.39,2.01,62522064006.0,62481914922.0,-0.05,0.05,7.78,1.48
901,601880,辽港股份,1.78,0.56,0.01,2164436.0,381879623.0,3.39,1.8,1.74,1.77,1.77,0.7,1.18,21.95,1.05,41957745639.0,32775231161.0,0.56,0.0,20.27,4.09
581,601991,大唐发电,3.44,1.47,0.05,1458910.0,498242142.0,2.95,3.47,3.37,3.39,3.39,1.37,1.18,6.95,1.91,63663084134.0,42642546525.0,0.0,0.0,6.5,23.3
748,601179,XD中国西,6.45,0.94,0.06,599366.0,383118155.0,3.13,6.49,6.29,6.4,6.39,0.95,1.17,27.64,1.47,33061941170.0,33061941170.0,0.0,0.16,6.61,-14.0
2243,000932,华菱钢铁,6.24,-1.27,-0.08,807059.0,499654116.33,3.16,6.31,6.11,6.31,6.32,0.96,1.17,12.33,0.79,43109866794.0,43109330678.0,-0.16,0.0,39.6,52.94
1590,003031,中瓷电子,59.01,-0.64,-0.38,39731.0,233233666.62,5.44,60.6,57.37,59.79,59.39,1.06,1.17,47.88,4.34,26616629210.0,20072646631.0,0.0,-0.1,6.08,13.55
370,600188,兖矿能源,13.78,2.53,0.34,686815.0,936064265.0,3.87,13.82,13.3,13.44,13.44,1.22,1.16,14.87,2.32,138316481896.0,81631494738.0,0.0,0.22,15.22,2.45
2032,600141,兴发集团,26.6,-1.08,-0.29,128161.0,339119790.0,3.24,26.97,26.1,26.84,26.89,0.93,1.16,20.19,1.39,29346607818.0,29346607818.0,0.0,-0.26,28.69,28.5
1501,002262,恩华药业,27.27,-0.55,-0.15,102320.0,277201956.88,2.33,27.42,26.78,27.25,27.42,0.74,1.16,19.77,3.61,27700500118.0,24104184141.0,0.0,0.11,30.17,13.67
1384,600685,中船防务,26.18,-0.42,-0.11,94917.0,247644225.0,3.65,26.69,25.73,26.48,26.29,1.01,1.16,35.15,2.09,37005596976.0,21505173039.0,0.0,0.08,-6.3,10.79
1419,600820,隧道股份,6.48,-0.46,-0.03,364480.0,234322147.0,2.3,6.52,6.37,6.51,6.51,0.8,1.16,14.02,0.66,20373742689.0,20373742689.0,0.0,0.0,10.2,-7.03
3029,600845,宝信软件,22.66,-1.86,-0.43,247695.0,560414629.0,3.51,23.16,22.35,23.1,23.09,1.24,1.16,45.65,6.14,65051847653.0,48350560206.0,0.0,0.13,-3.16,-20.94
3205,600329,达仁堂,43.9,-1.97,-0.88,65372.0,284840481.0,3.62,44.5,42.88,44.28,44.78,0.93,1.15,8.77,3.85,33807142228.0,24895222728.0,-0.02,-0.02,34.7,48.71
1846,600320,振华重工,4.38,-0.9,-0.04,383185.0,167064132.0,2.71,4.44,4.32,4.43,4.42,0.83,1.15,33.5,1.49,23075388334.0,14550349755.0,-0.45,0.0,-0.45,13.18
2565,603379,三美股份,54.9,-1.51,-0.84,70221.0,384931429.0,4.07,56.28,54.01,55.52,55.74,0.96,1.15,16.85,4.66,33515299131.0,33515299131.0,0.0,0.07,11.52,44.74
2533,603993,洛阳钼业,12.52,-1.49,-0.19,1982046.0,2493001286.0,5.9,13.02,12.27,12.75,12.71,0.84,1.14,15.45,3.68,267856763404.0,218609744044.0,-0.08,-0.16,46.95,95.63
1326,300972,万辰集团,168.43,-0.35,-0.59,18559.0,311061659.7,3.71,171.03,164.76,168.0,169.02,0.74,1.14,33.51,18.37,31600004893.0,27349988470.0,0.04,-0.27,-9.86,111.04
1860,600050,中国联通,5.42,-0.91,-0.05,3485292.0,1885337159.0,2.01,5.48,5.37,5.47,5.47,0.86,1.13,13.35,1.0,169453185272.0,166756197608.0,0.0,0.18,1.31,3.24
482,601328,交通银行,6.94,1.91,0.13,2920702.0,2019144152.0,3.23,6.97,6.75,6.79,6.81,1.34,1.12,6.66,0.55,613244662508.0,180942730609.0,-0.14,-0.14,-14.32,-6.09
1222,600938,中国海油,26.11,-0.19,-0.05,334203.0,874462608.0,1.26,26.37,26.04,26.12,26.16,0.75,1.12,8.92,1.58,1241007098522.0,78068900000.0,0.04,0.08,2.31,-9.65
3192,301606,绿联科技,65.98,-1.96,-1.32,24547.0,160765241.92,5.65,67.68,63.88,67.2,67.3,1.11,1.12,49.83,9.3,27375749000.0,14450696068.0,-0.3,-0.27,34.46,77.37
1580,600096,云天化,25.43,-0.63,-0.16,201779.0,512107013.0,2.66,25.72,25.04,25.5,25.59,0.88,1.11,8.39,2.08,46358654289.0,46358654289.0,0.0,-0.04,16.22,22.79
1631,601872,招商轮船,8.71,-0.68,-0.06,892953.0,777271423.0,4.68,8.91,8.5,8.63,8.77,0.66,1.11,16.55,1.74,70329230352.0,70329230352.0,0.11,0.11,39.81,39.36
2641,000967,盈峰环境,6.99,-1.55,-0.11,349579.0,241500689.15,4.37,7.1,6.79,7.07,7.1,0.66,1.1,28.94,1.3,22136933793.0,22126394970.0,0.0,0.0,3.4,46.23
4149,002901,大博医疗,52.43,-2.85,-1.54,31714.0,165939783.67,5.82,54.4,51.26,53.86,53.97,1.37,1.1,44.43,6.91,21707042700.0,15126988149.0,-0.02,-0.23,43.21,72.75
1521,300015,爱尔眼科,12.3,-0.57,-0.07,873824.0,1066446902.73,2.67,12.38,12.05,12.36,12.37,1.03,1.1,27.96,5.29,114702379041.0,97550797828.0,-0.08,0.0,-0.24,-6.04
1195,600862,中航高科,22.94,-0.13,-0.03,153012.0,347738703.0,2.96,23.16,22.48,22.99,22.97,0.93,1.1,26.41,4.35,31956546515.0,31956546515.0,-0.04,0.0,-11.5,-8.28
2126,002430,杭氧股份,23.17,-1.15,-0.27,106603.0,244926398.78,3.16,23.45,22.71,23.39,23.44,1.06,1.09,23.65,2.42,22668400362.0,22653210690.0,0.0,0.13,18.88,7.77
1112,601868,中国能建,2.43,0.0,0.0,3546739.0,855663854.0,2.06,2.44,2.39,2.43,2.43,0.91,1.09,18.08,0.93,101309527635.0,78801808155.0,0.0,0.0,10.96,8.0
732,601336,新华保险,59.66,0.98,0.58,225911.0,1345285238.0,3.05,60.32,58.52,59.08,59.08,1.06,1.08,6.29,2.23,186112150156.0,124417311024.0,0.0,0.05,4.96,25.05
4743,603337,杰克科技,46.78,-3.73,-1.81,50777.0,236602646.0,5.49,48.58,45.91,48.04,48.59,0.74,1.08,23.34,4.76,22287268673.0,22035218033.0,-0.13,-0.28,28.34,55.99
781,000893,亚钾国际,36.75,0.85,0.31,87806.0,322528520.6,2.5,37.11,36.2,36.64,36.44,0.67,1.08,19.86,2.71,33958881122.0,29834020220.0,0.08,0.03,18.82,82.29
2236,601377,兴业证券,6.28,-1.26,-0.08,931354.0,581964831.0,2.52,6.34,6.18,6.34,6.36,0.9,1.08,20.39,0.98,54234000206.0,54234000206.0,-0.16,-0.32,3.29,1.95
1986,000786,北新建材,24.1,-1.03,-0.25,175375.0,420618140.66,2.46,24.34,23.74,24.28,24.35,1.45,1.07,10.62,1.56,40979407242.0,39402426731.0,-0.12,-0.29,-8.92,-18.17
766,600919,江苏银行,10.21,0.89,0.09,1957897.0,2000501354.0,2.87,10.31,10.02,10.11,10.12,1.51,1.07,4.63,0.75,187367022767.0,187367022767.0,-0.1,-0.1,-14.42,9.78
686,601169,北京银行,5.64,1.08,0.06,2241068.0,1262132281.0,2.33,5.68,5.55,5.58,5.58,0.82,1.06,3.96,0.43,119246431294.0,119246431294.0,0.0,0.0,-16.57,-3.26
3101,601688,华泰证券,19.51,-1.91,-0.38,771703.0,1508663801.0,2.21,19.84,19.4,19.76,19.89,0.82,1.06,11.66,1.06,176114112465.0,142554850648.0,-0.15,-0.15,12.0,13.3
2401,002223,鱼跃医疗,37.44,-1.4,-0.53,100024.0,373970146.51,2.79,38.06,37.0,37.8,37.97,0.87,1.06,15.6,2.82,37532736222.0,35199521660.0,0.03,0.05,4.82,3.74
1003,601117,中国化学,7.39,0.27,0.02,636170.0,466931806.0,2.04,7.42,7.27,7.36,7.37,1.08,1.05,7.28,0.69,45129823705.0,44648484923.0,-0.14,0.0,-0.81,-8.77
776,601997,贵阳银行,5.86,0.86,0.05,382922.0,223222543.0,1.55,5.87,5.78,5.8,5.81,1.17,1.05,4.33,0.34,21425320725.0,21425320725.0,-0.17,0.0,-8.01,2.63
4775,603225,新凤鸣,14.97,-3.79,-0.59,158256.0,236578133.0,5.4,15.55,14.71,15.45,15.56,1.55,1.05,16.09,1.32,22824077940.0,22631219430.0,0.13,0.0,43.39,37.21
461,603529,爱玛科技,34.39,2.02,0.68,89375.0,302265634.0,4.0,34.47,33.12,33.71,33.71,1.34,1.05,12.32,3.13,29886559207.0,29147603256.0,-0.03,0.03,-0.12,-13.59
2743,600707,彩虹股份,6.03,-1.63,-0.1,377543.0,226658712.0,3.75,6.14,5.91,6.11,6.13,1.25,1.05,23.96,0.98,21637990084.0,21633648484.0,-0.17,0.0,-6.37,-26.64
1022,600012,皖通高速,12.92,0.23,0.03,120911.0,155739850.0,2.33,13.03,12.73,12.82,12.89,0.96,1.04,11.49,1.85,22075007206.0,15059552000.0,0.0,0.0,-21.46,-24.22
4460,000709,河钢股份,2.4,-3.23,-0.08,1066013.0,256632404.56,4.44,2.48,2.37,2.48,2.48,0.93,1.03,20.74,0.48,24809090621.0,24804989755.0,-0.41,0.0,11.11,10.09
2384,603589,口子窖,33.49,-1.38,-0.47,61552.0,206079184.0,1.68,33.9,33.33,33.9,33.96,0.74,1.03,14.01,1.92,20031021117.0,20031021117.0,0.3,0.3,0.54,-11.73
2261,603298,杭叉集团,28.45,-1.28,-0.37,135128.0,377470551.0,5.83,28.98,27.3,28.66,28.82,0.76,1.03,16.62,3.44,37264152794.0,37264152794.0,-0.28,0.0,33.76,63.6
1573,002714,牧原股份,53.22,-0.63,-0.34,392446.0,2090627899.98,2.86,54.25,52.72,53.1,53.56,0.77,1.03,13.8,3.75,290728619932.0,202799820397.0,0.15,0.15,26.74,40.5
3443,301061,匠心家居,93.25,-2.17,-2.07,14781.0,138632727.59,3.82,95.98,92.34,95.19,95.32,0.84,1.02,23.49,5.33,20289502477.0,13473173937.0,-0.18,-0.18,20.45,97.77
1766,000876,新 希 望,9.83,-0.81,-0.08,459118.0,450836073.61,2.72,9.98,9.71,9.9,9.91,1.01,1.02,29.32,1.97,44260271485.0,44225170187.0,0.0,0.1,5.02,9.71
1287,002179,中航光电,41.42,-0.29,-0.12,210367.0,868679410.99,2.77,41.89,40.74,41.5,41.54,0.93,1.01,30.53,3.75,87738786891.0,86182960567.0,0.15,0.19,4.57,7.58
654,002299,圣农发展,17.1,1.18,0.2,124437.0,210904766.33,2.25,17.13,16.75,16.89,16.9,1.15,1.0,11.68,1.91,21262145045.0,21260972429.0,0.0,0.18,18.01,21.45
2602,000792,盐湖股份,19.28,-1.53,-0.3,526963.0,1012980098.4,2.81,19.55,19.0,19.54,19.58,0.94,1.0,20.28,2.61,102021518590.0,102020924863.0,0.0,0.0,13.35,17.13
395,601077,渝农商行,6.42,2.39,0.15,881360.0,559177972.0,4.31,6.44,6.17,6.26,6.27,1.29,1.0,4.74,0.56,72911940000.0,56738035631.0,0.0,-0.16,-12.53,11.65
2669,601878,浙商证券,11.27,-1.57,-0.18,456919.0,513579517.0,2.62,11.43,11.13,11.39,11.45,0.95,1.0,22.43,1.43,51546688122.0,51546688122.0,0.0,0.09,4.74,-6.78
3186,600150,中国船舶,35.07,-1.96,-0.7,744907.0,2620433630.0,2.74,35.8,34.82,35.8,35.77,0.61,0.99,44.79,1.58,263923538570.0,263923538570.0,-0.06,-0.03,5.22,-1.79
1031,001286,陕西能源,9.0,0.22,0.02,103973.0,93213295.46,1.22,9.02,8.91,8.97,8.98,1.02,0.99,12.65,1.35,33750000000.0,9450000000.0,-0.11,-0.11,3.45,1.47
1045,000425,徐工机械,10.34,0.19,0.02,918473.0,936870530.82,3.2,10.38,10.05,10.27,10.32,0.98,0.99,13.94,2.01,121525735464.0,96049800701.0,0.1,0.29,35.16,33.25
1758,600256,广汇能源,4.98,-0.8,-0.04,629910.0,313566160.0,1.2,5.02,4.96,5.01,5.02,0.97,0.99,18.65,1.34,31832174761.0,31832174761.0,0.0,0.2,-7.95,-18.63
597,603129,春风动力,270.5,1.42,3.8,15027.0,404445360.0,4.26,275.85,264.5,267.11,266.7,0.58,0.98,20.6,6.09,41272257842.0,41272257842.0,-0.04,-0.02,21.03,76.54
729,601963,重庆银行,9.16,0.99,0.09,183943.0,167827201.0,2.43,9.2,8.98,9.03,9.07,1.53,0.98,4.99,0.58,31827204059.0,17215318848.0,0.0,0.11,-17.55,3.27
3043,002500,山西证券,6.29,-1.87,-0.12,353583.0,221332047.64,3.12,6.39,6.19,6.38,6.41,0.97,0.98,21.54,1.23,22579663031.0,22579663031.0,0.0,0.16,8.26,0.96
2265,600909,华安证券,6.1,-1.29,-0.08,456101.0,276339946.0,2.91,6.17,5.99,6.17,6.18,0.97,0.97,13.78,1.25,28538231064.0,28538231064.0,0.0,0.16,4.81,2.35
1770,600765,中航重机,15.73,-0.82,-0.13,152461.0,238312947.0,2.84,15.91,15.46,15.9,15.86,1.26,0.97,25.18,1.73,24782491567.0,24608612147.0,-0.06,-0.06,-6.37,-22.7
861,600985,淮北矿业,12.64,0.64,0.08,258416.0,323305695.0,2.79,12.66,12.31,12.5,12.56,0.62,0.96,16.5,0.82,34042790082.0,34042790082.0,0.08,0.08,11.46,-5.11
555,600398,海澜之家,6.54,1.55,0.1,462297.0,301958910.0,3.26,6.62,6.41,6.42,6.44,1.07,0.96,9.94,1.77,31410117736.0,31410117736.0,0.0,0.0,-8.91,-10.66
1984,603806,福斯特,15.36,-1.03,-0.16,250366.0,381762082.0,3.93,15.62,15.01,15.55,15.52,0.93,0.96,40.41,2.55,40070196511.0,40070196511.0,0.2,0.07,18.34,5.64
2333,000728,国元证券,8.79,-1.35,-0.12,415793.0,363424229.35,2.69,8.87,8.63,8.87,8.91,0.98,0.95,13.65,1.01,38357607662.0,38357607662.0,0.11,0.23,11.83,7.2
4005,002773,康弘药业,36.62,-2.68,-1.01,64946.0,237028120.75,4.76,37.59,35.8,37.5,37.63,1.01,0.95,23.12,3.81,33738773335.0,25151862142.0,0.14,0.05,20.62,92.74
1617,000625,长安汽车,12.11,-0.66,-0.08,774039.0,935248004.67,1.39,12.19,12.02,12.18,12.19,0.88,0.94,26.2,1.58,120059582187.0,100034812672.0,0.0,0.08,-2.73,-7.35
1270,002831,裕同科技,26.01,-0.27,-0.07,47949.0,124340809.46,3.76,26.48,25.5,26.09,26.08,1.33,0.94,21.62,2.19,23942556135.0,13290933626.0,0.0,0.12,14.33,-0.31
936,000921,海信家电,25.13,0.48,0.12,86286.0,215282869.2,1.64,25.18,24.77,25.01,25.01,0.69,0.94,8.38,2.17,34801561227.0,23072417495.0,0.12,0.0,3.03,-9.18
1791,600582,天地科技,5.91,-0.84,-0.05,388178.0,228639301.0,2.01,5.97,5.85,5.95,5.96,1.01,0.94,5.88,0.97,24459060352.0,24459060352.0,0.0,0.0,-1.83,0.85
2971,601198,东兴证券,11.31,-1.82,-0.21,297397.0,335638923.0,2.6,11.48,11.18,11.48,11.52,0.94,0.92,22.32,1.26,36558958831.0,36558958831.0,0.0,0.0,2.08,3.57
1584,600131,国网信通,17.15,-0.64,-0.11,110269.0,187487596.0,2.72,17.27,16.8,17.26,17.26,1.55,0.92,38.69,3.34,20575273786.0,20509773305.0,0.0,-0.12,-1.21,-8.48
2497,601108,财通证券,8.12,-1.46,-0.12,425693.0,344304375.0,2.79,8.24,8.01,8.22,8.24,1.07,0.92,17.41,1.04,37707338727.0,37707338727.0,0.12,0.25,5.32,0.74
623,600499,科达制造,11.49,1.32,0.15,175884.0,199978942.0,2.73,11.51,11.2,11.37,11.34,0.9,0.92,14.79,1.83,22036169933.0,22036169933.0,0.17,0.09,13.2,50.99
4671,601155,新城控股,15.59,-3.59,-0.58,204930.0,321706438.0,4.14,16.12,15.45,16.0,16.17,0.93,0.91,19.65,0.57,35165160325.0,35165160325.0,0.13,-0.26,14.63,30.35
1372,600998,九州通,4.94,-0.4,-0.02,454068.0,221622681.0,2.82,4.96,4.82,4.95,4.96,1.09,0.9,8.62,0.96,24909802956.0,24909802956.0,-0.2,-0.2,-3.52,0.41
1710,600583,海油工程,5.24,-0.76,-0.04,398375.0,207992244.0,1.89,5.28,5.18,5.27,5.28,1.07,0.9,10.55,0.87,23167899152.0,23167899152.0,0.0,-0.19,-3.85,-0.57
1097,603979,金诚信,61.8,0.06,0.04,55852.0,343814243.0,3.98,62.98,60.52,61.88,61.76,0.75,0.9,17.35,3.95,38549473478.0,38549473478.0,0.0,0.13,30.13,72.38
1635,002007,华兰生物,16.01,-0.68,-0.11,140151.0,223425941.43,1.86,16.13,15.83,16.13,16.12,0.68,0.89,28.36,2.44,29257581223.0,25194983093.0,0.06,0.06,1.52,-3.84
1503,600378,昊华科技,29.14,-0.55,-0.16,95628.0,276603269.0,3.04,29.42,28.53,29.3,29.3,0.98,0.89,29.16,2.16,37590588927.0,31254554678.0,0.03,-0.03,8.77,1.82
3141,600871,石化油服,2.03,-1.93,-0.04,1208680.0,245326846.0,3.38,2.07,2.0,2.06,2.07,1.02,0.89,39.09,4.14,38482803041.0,27500435073.0,0.0,-0.49,3.57,-0.49
1854,002422,科伦药业,36.95,-0.91,-0.34,116731.0,427369726.8,3.67,37.47,36.1,37.2,37.29,0.87,0.89,29.51,2.49,59048072095.0,48252533149.0,0.08,0.03,1.29,25.55
841,603486,科沃斯,105.58,0.7,0.73,50924.0,537678346.0,4.01,108.06,103.86,105.5,104.85,0.77,0.89,31.06,7.62,60851749888.0,60096346104.0,0.03,0.26,82.76,126.81
2157,600309,万华化学,63.34,-1.19,-0.76,268883.0,1698997495.0,2.84,64.41,62.59,64.12,64.1,0.97,0.86,16.19,1.99,198284072791.0,198284072791.0,0.03,0.03,17.34,-10.31
1089,600298,安琪酵母,39.29,0.08,0.03,73452.0,285971343.0,2.14,39.36,38.52,39.22,39.26,0.87,0.86,21.34,3.03,34109160526.0,33677442006.0,0.03,0.03,11.49,10.68
987,600511,国药股份,29.11,0.31,0.09,47467.0,137211650.0,1.34,29.14,28.75,29.03,29.02,1.02,0.86,11.58,1.26,21963582272.0,16107914403.0,0.0,0.0,0.34,-12.9
1147,000088,盐 田 港,4.47,0.0,0.0,267754.0,119611167.39,1.34,4.5,4.44,4.46,4.47,0.87,0.85,17.79,1.31,23241690557.0,14138138272.0,0.0,0.22,-1.54,-5.7
1446,600598,北大荒,14.3,-0.49,-0.07,150642.0,214551092.0,1.81,14.4,14.14,14.38,14.37,0.86,0.85,12.91,3.25,25420822699.0,25420822699.0,0.07,0.14,-1.11,0.7
1779,000683,博源化工,6.02,-0.82,-0.05,280901.0,168167160.01,2.14,6.06,5.93,6.05,6.07,0.61,0.85,15.07,1.57,22386809141.0,19978631328.0,0.0,0.17,26.21,13.8
1511,600482,中国动力,21.35,-0.56,-0.12,192338.0,414923531.0,4.01,22.02,21.16,21.85,21.47,1.16,0.85,26.16,1.21,48098600391.0,48098600391.0,-0.05,-0.14,-9.15,-12.07
1492,002318,久立特材,22.23,-0.54,-0.12,81324.0,179709304.58,2.24,22.4,21.9,22.21,22.35,0.75,0.85,13.12,2.8,21722505106.0,21228710293.0,0.05,0.09,-5.04,-1.07
1531,600027,华电国际,5.09,-0.59,-0.03,712851.0,362958012.0,1.95,5.15,5.05,5.12,5.12,0.82,0.84,7.57,1.23,59103930597.0,43317567143.0,-0.2,-0.2,-5.39,-7.12
582,601838,成都银行,17.4,1.46,0.25,357341.0,621642143.0,3.09,17.58,17.05,17.13,17.15,1.32,0.84,5.57,0.89,73748775194.0,73620412645.0,-0.06,0.0,-10.72,7.27
3405,601958,金钼股份,14.62,-2.14,-0.32,269470.0,393934970.0,4.62,15.04,14.35,14.94,14.94,0.76,0.84,17.06,2.56,47172956328.0,47172956328.0,0.07,0.07,37.28,51.35
1870,000768,中航西飞,24.66,-0.92,-0.23,232047.0,571777251.17,3.21,25.16,24.36,25.07,24.89,0.81,0.84,49.78,3.19,68583136091.0,68375419634.0,0.0,0.0,-10.55,-12.3
882,600970,中材国际,8.68,0.58,0.05,188529.0,162012501.0,1.97,8.68,8.51,8.64,8.63,1.02,0.84,8.06,1.06,22914835700.0,19546117363.0,0.12,0.12,0.35,-3.88
1475,300750,宁德时代,368.15,-0.51,-1.9,348493.0,12813882349.63,4.58,376.96,360.0,368.0,370.05,0.84,0.82,27.54,5.69,1679372339527.0,1566266940367.0,-0.5,-0.47,46.97,42.01
825,600863,内蒙华电,4.09,0.74,0.03,527088.0,214185798.0,1.23,4.09,4.04,4.05,4.06,1.13,0.81,8.57,1.61,26694971147.0,26694971147.0,0.25,0.0,3.81,-0.49
1592,002352,顺丰控股,40.06,-0.64,-0.26,388019.0,1550985623.69,1.64,40.37,39.71,40.18,40.32,1.03,0.81,17.59,2.12,201879231660.0,191166717555.0,0.05,0.05,-17.06,1.68
2618,000999,华润三九,28.09,-1.54,-0.44,134734.0,379193140.85,2.21,28.59,27.96,28.57,28.53,0.95,0.81,12.88,2.19,46748905057.0,46705074544.0,-0.07,-0.14,-9.97,-17.04
1433,000651,格力电器,39.64,-0.48,-0.19,434244.0,1723357527.68,1.43,40.03,39.46,39.8,39.83,0.82,0.79,7.7,1.79,222039723573.0,218620766279.0,0.0,-0.03,-8.79,-6.64
2189,002064,华峰化学,8.88,-1.22,-0.11,392018.0,342978413.02,3.78,8.98,8.64,8.96,8.99,1.17,0.79,22.41,1.65,44067389805.0,43943351079.0,-0.34,-0.45,33.73,10.59
2300,600061,国投资本,7.5,-1.32,-0.1,502152.0,374565078.0,2.5,7.57,7.38,7.57,7.6,0.71,0.79,14.1,0.91,47954862923.0,47954862923.0,-0.27,0.0,2.18,1.49
3730,000987,越秀资本,7.28,-2.41,-0.18,392329.0,284620416.34,3.75,7.44,7.16,7.42,7.46,0.98,0.78,11.72,1.19,36524724323.0,36505015267.0,-0.14,-0.14,10.3,6.28
2961,600233,圆通速递,18.98,-1.81,-0.35,266866.0,506996801.0,4.19,19.56,18.75,19.19,19.33,0.93,0.78,17.73,2.01,64915892099.0,64915892099.0,0.16,0.16,48.98,37.24
2318,600600,青岛啤酒,65.99,-1.33,-0.89,54731.0,361816745.0,1.53,66.82,65.8,66.8,66.88,1.1,0.77,11.53,3.0,90023346040.0,46795220979.0,0.0,0.02,-4.9,-16.17
3518,600486,扬农化工,68.25,-2.23,-1.56,30924.0,211332255.0,4.56,70.51,67.33,69.62,69.81,0.96,0.77,17.17,2.49,27668473833.0,27572225636.0,-0.13,0.01,17.23,19.34
2031,603899,晨光股份,27.85,-1.07,-0.3,70510.0,195163987.0,2.77,28.14,27.36,28.11,28.15,1.11,0.77,23.02,3.01,25649024999.0,25649024999.0,0.04,0.07,-5.11,-4.82
910,002142,宁波银行,26.49,0.53,0.14,504720.0,1343295993.12,2.69,26.9,26.19,26.35,26.35,1.19,0.76,5.92,0.8,174929120080.0,174831016325.0,0.11,0.15,-1.63,13.16
2663,600426,华鲁恒升,25.05,-1.57,-0.4,162054.0,405039956.0,3.81,25.63,24.66,25.3,25.45,0.97,0.76,16.95,1.66,53186660950.0,53092386628.0,-0.08,-0.08,16.08,17.55
1101,300498,温氏股份,18.99,0.05,0.01,452188.0,858009161.82,2.95,19.31,18.75,18.96,18.98,0.84,0.76,18.18,3.06,126358069571.0,113231803480.0,0.0,0.05,11.31,16.43
714,301498,乖宝宠物,92.5,1.03,0.94,13537.0,124386536.51,1.89,92.85,91.12,91.31,91.56,0.52,0.76,48.94,8.33,37004116250.0,16559527508.0,-0.02,-0.02,-19.67,18.86
2954,002532,天山铝业,10.85,-1.81,-0.2,311206.0,337719880.09,4.43,11.15,10.66,11.05,11.05,0.66,0.75,12.11,1.81,50472956753.0,44810559154.0,0.18,0.0,25.58,41.46
530,002608,江苏国信,7.88,1.68,0.13,283830.0,220714055.66,2.45,7.88,7.69,7.73,7.75,0.76,0.75,7.33,0.89,29771268068.0,29771268068.0,0.13,0.25,8.39,4.1
1534,600332,白云山,25.33,-0.59,-0.15,105989.0,267634510.0,1.37,25.45,25.1,25.38,25.48,0.69,0.75,8.18,1.09,41181284738.0,35611217738.0,0.0,0.0,-2.46,-8.29
2627,300760,迈瑞医疗,233.5,-1.54,-3.65,90111.0,2096574297.7,2.84,236.73,230.0,236.28,237.15,1.22,0.74,27.93,7.25,283105065499.0,283096712037.0,-0.03,-0.16,3.69,-7.24
1140,600406,国电南瑞,22.32,0.0,0.0,590856.0,1316536931.0,2.15,22.53,22.05,22.38,22.32,1.09,0.74,30.36,3.68,179276209941.0,178477968599.0,-0.18,-0.09,0.5,-9.96
1799,603939,益丰药房,24.54,-0.85,-0.21,89130.0,217413159.0,2.67,24.75,24.09,24.75,24.75,1.22,0.74,16.9,2.72,29752720272.0,29747263705.0,0.04,0.08,1.03,4.74
1767,601100,恒立液压,91.79,-0.81,-0.75,99470.0,912704718.0,3.4,93.5,90.35,92.77,92.54,0.65,0.74,43.06,7.51,123073958856.0,123073958856.0,0.11,0.09,29.65,76.28
2184,002027,分众传媒,8.07,-1.22,-0.1,1061606.0,857790523.44,2.57,8.21,8.0,8.18,8.17,0.92,0.74,21.87,7.13,116548551789.0,116548551789.0,0.0,0.37,15.95,18.68
3079,603198,迎驾贡酒,41.48,-1.89,-0.8,58003.0,240985767.0,2.6,42.2,41.1,42.1,42.28,0.8,0.73,14.68,3.4,33184000000.0,33184000000.0,0.0,-0.02,6.5,-20.9
1077,600566,济川药业,25.28,0.12,0.03,67226.0,168279437.0,1.58,25.3,24.9,25.23,25.25,1.93,0.73,16.07,1.72,23274301485.0,23150113485.0,0.0,-0.08,-3.91,-6.37
713,600015,华夏银行,6.84,1.03,0.07,1126529.0,766920433.0,1.92,6.86,6.73,6.79,6.77,1.22,0.73,4.75,0.36,108858110721.0,105248612044.0,0.0,0.0,-14.93,-10.12
2141,600918,中泰证券,6.75,-1.17,-0.08,283263.0,190515151.0,2.34,6.83,6.67,6.79,6.83,1.19,0.72,32.84,1.23,46721226978.0,26499469403.0,0.15,0.15,5.47,3.05
2672,601995,中金公司,35.59,-1.58,-0.57,210811.0,749109989.0,2.13,36.0,35.23,36.0,36.16,0.89,0.72,19.84,1.79,171802071932.0,104048875440.0,0.17,0.17,1.37,5.92
496,600323,瀚蓝环境,27.34,1.82,0.49,58700.0,158780552.0,2.38,27.35,26.71,26.91,26.85,1.0,0.72,11.53,1.62,22291590972.0,22291590972.0,0.07,0.07,15.6,19.81
1461,600352,浙江龙盛,10.03,-0.5,-0.05,235310.0,234395745.0,1.98,10.1,9.9,10.08,10.08,1.06,0.72,17.58,0.96,32630918556.0,32630918556.0,0.0,0.1,0.8,-0.1
723,601229,上海银行,9.07,1.0,0.09,1021922.0,926989061.0,2.9,9.15,8.89,8.96,8.98,1.7,0.72,4.87,0.53,128875378235.0,128875378235.0,-0.11,-0.22,-15.39,1.57
1687,603885,吉祥航空,13.42,-0.74,-0.1,154482.0,205581762.0,2.29,13.49,13.18,13.45,13.52,0.72,0.71,28.99,3.2,29309350697.0,29309350697.0,0.15,0.07,0.3,-1.32
1427,600690,海尔智家,25.58,-0.47,-0.12,441425.0,1126516860.0,1.91,25.8,25.31,25.69,25.7,0.89,0.71,9.97,2.09,240014923084.0,159990138010.0,-0.08,-0.12,7.48,-7.02
772,601818,光大银行,3.48,0.87,0.03,3275807.0,1140338814.0,2.32,3.51,3.43,3.45,3.45,0.99,0.71,4.18,0.42,205617717692.0,161495718152.0,0.0,0.0,-15.53,-5.43
1564,600887,伊利股份,27.38,-0.62,-0.17,449805.0,1231350853.0,1.49,27.62,27.21,27.55,27.55,0.85,0.71,12.03,3.25,173188375062.0,172327795761.0,0.04,0.11,-1.05,-5.46
1355,600873,梅花生物,10.56,-0.38,-0.04,196384.0,206503253.0,2.08,10.64,10.42,10.6,10.6,0.91,0.7,8.37,1.98,29612791824.0,29612791824.0,0.09,0.38,-2.67,9.89
692,603565,中谷物流,11.3,1.07,0.12,146794.0,164621936.0,1.61,11.3,11.12,11.21,11.18,1.2,0.7,11.07,2.48,23730713064.0,23730713064.0,0.09,0.18,15.9,25.42
2766,601021,春秋航空,52.54,-1.65,-0.88,68026.0,356550272.0,2.79,53.38,51.89,53.38,53.42,0.86,0.7,21.99,2.93,51401638044.0,51401638044.0,-0.1,-0.08,-3.35,-7.58
1122,600004,白云机场,9.46,0.0,0.0,164632.0,154429052.0,1.59,9.46,9.31,9.45,9.46,0.86,0.7,14.93,1.2,22389154957.0,22389154957.0,0.0,0.0,4.3,0.21
1485,000776,广发证券,20.49,-0.53,-0.11,411614.0,840372246.47,2.77,20.78,20.21,20.48,20.6,0.77,0.7,12.04,1.25,155843774520.0,120973970382.0,0.05,0.05,22.62,29.6
893,600585,海螺水泥,23.11,0.57,0.13,279516.0,640970640.0,2.05,23.15,22.68,22.99,22.98,0.96,0.7,14.02,0.65,122466882601.0,92433126601.0,-0.09,-0.09,7.84,0.17
642,000001,平安银行,11.52,1.23,0.14,1341430.0,1543271184.51,2.28,11.58,11.32,11.37,11.38,1.56,0.69,4.49,0.51,223556177641.0,223552519523.0,-0.09,0.0,-6.34,1.59
2941,000825,太钢不锈,3.83,-1.79,-0.07,393521.0,150101637.59,3.59,3.91,3.77,3.9,3.9,0.94,0.69,27.76,0.66,21816629059.0,21816629059.0,0.0,0.52,3.51,10.06
1289,002252,上海莱士,6.73,-0.3,-0.02,445600.0,297601590.0,1.78,6.74,6.62,6.73,6.75,1.18,0.67,21.69,1.38,44673637953.0,44650115089.0,0.15,0.3,-1.61,-6.4
1196,600612,老凤祥,52.23,-0.13,-0.07,21203.0,110151310.0,2.93,52.86,51.33,52.35,52.3,0.48,0.67,11.2,2.13,27322440814.0,16562635975.0,-0.15,-0.23,8.56,-0.61
2149,601990,南京证券,8.38,-1.18,-0.1,246751.0,205716151.0,2.36,8.47,8.27,8.41,8.48,0.85,0.67,24.88,1.72,30891705465.0,30669030538.0,0.12,0.12,5.41,-1.76
3364,600369,西南证券,4.63,-2.11,-0.1,446211.0,206196073.0,3.38,4.72,4.56,4.71,4.73,0.91,0.67,36.35,1.2,30766855244.0,30766855244.0,0.0,-0.22,7.93,0.43
2108,600161,天坛生物,19.08,-1.14,-0.22,130316.0,248405320.0,2.02,19.31,18.92,19.3,19.3,1.22,0.66,29.82,3.26,37728247190.0,37728247190.0,-0.1,-0.1,-0.78,-6.47
1495,601799,星宇股份,120.48,-0.54,-0.66,18756.0,225171702.0,2.15,121.8,119.2,120.83,121.14,0.75,0.66,24.36,3.24,34418656401.0,34418656401.0,0.0,0.19,-3.01,-8.86
871,600483,福能股份,9.69,0.62,0.06,184725.0,177730160.0,1.77,9.71,9.54,9.63,9.63,1.33,0.66,10.08,1.04,26939535282.0,26939535282.0,0.0,0.0,2.98,1.04
3061,600153,建发股份,10.45,-1.88,-0.2,188395.0,196796819.0,2.54,10.66,10.39,10.65,10.65,0.9,0.65,18.02,0.55,30300177858.0,30300177858.0,0.0,0.0,0.87,6.42
2535,000958,电投产融,6.59,-1.49,-0.1,350815.0,230055412.0,2.54,6.67,6.5,6.65,6.69,0.77,0.65,38.66,1.76,35476728047.0,35476616841.0,-0.15,0.0,-2.8,6.98
762,601668,中国建筑,5.55,0.91,0.05,2684212.0,1485761668.0,1.82,5.57,5.47,5.5,5.5,1.07,0.65,3.77,0.48,229328166964.0,229328166964.0,-0.18,-0.36,1.09,-3.14
1361,002415,海康威视,30.29,-0.39,-0.12,585407.0,1768501191.14,2.56,30.66,29.88,30.41,30.41,0.88,0.65,24.53,3.53,277603959250.0,274016473805.0,0.13,0.1,10.03,0.97
843,601919,中远海控,14.53,0.69,0.1,824293.0,1191489836.0,1.59,14.56,14.33,14.45,14.43,0.98,0.65,6.42,0.97,225066136358.0,183222359023.0,-0.07,0.0,-4.66,0.41
2525,603658,安图生物,39.27,-1.48,-0.59,36340.0,142396359.0,2.94,39.88,38.71,39.88,39.86,1.33,0.64,19.65,2.65,22439850639.0,22439850639.0,0.0,-0.05,4.89,-7.34
3016,603833,欧派家居,54.18,-1.85,-1.02,38965.0,210299964.0,3.77,55.16,53.08,55.0,55.2,0.92,0.64,16.21,1.82,33003894370.0,33003894370.0,-0.26,-0.26,1.27,-18.49
2458,002001,新 和 成,23.39,-1.43,-0.34,194427.0,454719210.29,2.4,23.73,23.16,23.59,23.73,0.83,0.64,9.98,2.36,71887333095.0,71032200496.0,0.21,0.13,9.76,9.97
1008,601000,唐山港,3.82,0.26,0.01,381000.0,144759562.0,1.31,3.82,3.77,3.81,3.81,1.16,0.64,12.79,1.11,22637047305.0,22637047305.0,0.0,0.0,-5.68,-15.3
1764,600085,同仁堂,34.18,-0.81,-0.28,87263.0,297195890.0,1.54,34.41,33.88,34.41,34.46,1.0,0.64,24.79,3.49,46876853555.0,46876853555.0,-0.03,0.03,-5.4,-14.74
584,600901,江苏金租,5.58,1.45,0.08,372412.0,205440784.0,2.91,5.6,5.44,5.5,5.5,0.98,0.64,10.33,1.34,32321479078.0,32310724565.0,0.0,0.0,-10.58,12.73
2245,000408,藏格矿业,53.55,-1.27,-0.69,99352.0,530708328.12,3.47,54.55,52.67,54.2,54.24,1.02,0.63,23.35,5.94,84085588645.0,84084705070.0,0.11,0.07,25.79,100.34
2186,601211,国泰海通,18.63,-1.22,-0.23,845997.0,1571282575.0,1.8,18.75,18.41,18.74,18.86,0.59,0.63,10.43,1.05,328426888194.0,251393095086.0,-0.05,0.05,-1.9,1.42
851,600372,中航机载,12.08,0.67,0.08,299280.0,357050620.0,2.58,12.08,11.77,12.01,12.0,1.14,0.62,45.54,1.54,58453871290.0,58453871290.0,0.0,0.0,0.5,-1.47
2553,000963,华东医药,41.38,-1.5,-0.63,108275.0,448293763.17,3.98,42.51,40.84,42.01,42.01,0.92,0.62,20.0,3.06,72581390966.0,72495121115.0,0.0,0.02,1.5,22.9
2225,603369,今世缘,39.6,-1.25,-0.5,76818.0,304558523.0,2.37,40.24,39.29,40.13,40.1,1.02,0.62,11.08,3.05,49373281465.0,49373281465.0,0.0,0.05,2.54,-10.06
514,601058,赛轮轮胎,14.65,1.74,0.25,204899.0,297296461.0,2.99,14.74,14.31,14.4,14.4,1.01,0.62,13.15,2.34,48170668794.0,48170668794.0,0.07,0.14,13.74,5.02
968,000333,美的集团,73.53,0.37,0.27,421477.0,3082692694.88,1.27,73.65,72.72,73.25,73.26,0.84,0.61,10.86,2.61,564894065513.0,509555174056.0,0.04,0.03,1.97,2.5
698,600674,川投能源,14.3,1.06,0.15,295359.0,419356978.0,1.91,14.35,14.08,14.15,14.15,0.99,0.61,14.16,1.64,69706877640.0,69706877640.0,-0.07,0.0,-10.34,-15.13
1339,000538,云南白药,57.93,-0.36,-0.21,107911.0,623563265.62,2.01,58.48,57.31,58.16,58.14,1.18,0.61,14.23,2.68,103362332592.0,102697963024.0,-0.03,0.03,3.87,-1.43
1019,600031,三一重工,21.63,0.23,0.05,515735.0,1105522086.0,2.69,21.78,21.2,21.7,21.58,0.72,0.61,17.57,2.49,183301056500.0,183301056500.0,0.09,0.05,22.0,34.18
2508,301035,润丰股份,73.92,-1.47,-1.1,16720.0,123358874.78,3.73,75.45,72.65,75.0,75.02,1.36,0.6,18.68,2.93,20754590398.0,20723085694.0,0.09,-0.12,25.89,54.1
2135,001979,招商蛇口,9.39,-1.16,-0.11,507457.0,475281974.13,1.89,9.46,9.28,9.43,9.5,0.73,0.6,29.38,0.87,85081251702.0,79424545396.0,0.11,0.11,11.26,-6.57
1014,600905,三峡能源,4.26,0.24,0.01,1714094.0,728227867.0,1.41,4.28,4.22,4.25,4.25,1.4,0.6,15.96,1.37,121783389605.0,121783389605.0,0.0,0.0,1.43,-0.93
1065,600011,华能国际,7.24,0.14,0.01,657486.0,473924798.0,1.8,7.28,7.15,7.22,7.23,0.97,0.6,6.14,1.83,113654195919.0,79623419814.0,0.0,0.14,4.93,11.38
393,601898,中煤能源,11.84,2.42,0.28,550561.0,649590084.0,4.58,11.95,11.42,11.54,11.56,1.4,0.6,10.19,1.01,156982574656.0,108359684736.0,0.17,0.08,11.8,-0.67
872,601618,中国中冶,3.32,0.61,0.02,1062955.0,349419336.0,2.12,3.32,3.25,3.31,3.3,1.0,0.6,11.1,0.67,68802415644.0,59270695644.0,0.0,0.0,13.7,2.47
598,600989,宝丰能源,16.66,1.4,0.23,439025.0,731617550.0,2.86,16.87,16.4,16.45,16.43,1.34,0.6,10.68,2.73,122173777600.0,122173777600.0,0.3,0.3,4.71,3.16
3080,600104,上汽集团,18.7,-1.89,-0.36,675955.0,1264384765.0,2.94,19.04,18.48,19.02,19.06,0.85,0.59,17.86,0.73,214961689325.0,214961689325.0,-0.05,-0.05,17.83,-9.53
1611,000729,燕京啤酒,11.98,-0.66,-0.08,147927.0,176873321.0,1.91,12.08,11.85,12.0,12.06,0.55,0.59,15.31,2.15,33766101305.0,30065087871.0,0.0,0.08,-6.7,1.1
1728,600741,华域汽车,20.28,-0.78,-0.16,185793.0,375750854.0,2.94,20.55,19.95,20.38,20.44,0.74,0.59,11.09,1.02,63937242396.0,63937242396.0,0.0,0.2,19.58,20.64
2069,600999,招商证券,16.98,-1.11,-0.19,439408.0,743803686.0,1.92,17.12,16.79,17.1,17.17,0.56,0.59,14.24,1.28,147667025166.0,126025649519.0,0.0,0.06,0.24,-9.0
989,600066,宇通客车,29.78,0.3,0.09,129461.0,382170660.0,3.1,29.87,28.95,29.76,29.69,0.77,0.58,17.03,5.01,65931110061.0,65931110061.0,-0.1,-0.2,20.96,19.69
1254,601318,中国平安,55.02,-0.24,-0.13,612961.0,3385890145.0,1.9,55.79,54.74,55.03,55.15,0.93,0.58,7.32,1.06,996282462565.0,586516780867.0,-0.29,-0.34,-1.22,7.78
3008,300832,新产业,66.37,-1.85,-1.25,39795.0,262733229.7,3.74,67.54,65.01,67.46,67.62,1.18,0.58,33.82,6.27,52148155760.0,45264164982.0,0.02,-0.2,17.57,-4.57
522,002128,电投能源,22.67,1.7,0.38,129164.0,293490956.96,3.86,23.02,22.16,22.26,22.29,1.21,0.58,9.12,1.42,50816471086.0,50816471086.0,0.09,0.04,20.46,20.71
1408,601607,上海医药,17.84,-0.45,-0.08,161473.0,287263018.0,1.67,17.98,17.68,17.88,17.92,0.72,0.58,7.42,0.88,66157174673.0,49759461889.0,-0.06,-0.06,1.59,-13.86
1054,600098,广州发展,6.57,0.15,0.01,198802.0,129826169.0,2.13,6.6,6.46,6.56,6.56,0.93,0.57,7.04,0.85,23036436123.0,23033532925.0,0.15,0.0,4.29,6.83
1471,603268,*ST松发,48.48,-0.51,-0.25,7058.0,33924407.0,2.22,48.73,47.65,48.72,48.73,0.4,0.57,36.36,6.3,47063332129.0,6019703424.0,0.21,0.23,21.14,22.24
1488,600009,上海机场,31.88,-0.53,-0.17,116547.0,370312428.0,1.4,32.03,31.58,32.02,32.05,0.98,0.57,37.99,1.89,79332785119.0,65235390938.0,-0.03,-0.03,1.82,-5.82
873,600795,国电电力,5.06,0.6,0.03,1019248.0,513305722.0,1.59,5.08,5.0,5.03,5.03,0.9,0.57,12.24,1.56,90248232555.0,90248232555.0,0.0,0.2,3.69,13.2
1061,600660,福耀玻璃,72.09,0.14,0.1,111709.0,802190630.0,2.24,72.63,71.02,71.99,71.99,0.74,0.56,19.58,5.28,188136411222.0,144395284674.0,0.03,0.35,26.76,18.96
602,601166,兴业银行,20.41,1.39,0.28,1186147.0,2413456042.0,2.93,20.53,19.94,20.13,20.13,1.17,0.56,5.01,0.55,431933485148.0,431933485148.0,-0.2,-0.24,-13.33,12.76
788,601985,中国核电,8.53,0.83,0.07,1058180.0,898795675.0,2.36,8.57,8.37,8.45,8.46,0.99,0.56,15.48,1.55,175445057691.0,161074419916.0,0.0,0.0,-6.98,-16.94
2282,600132,重庆啤酒,53.39,-1.31,-0.71,27242.0,145598911.0,1.9,54.09,53.06,54.05,54.1,0.91,0.56,14.94,15.97,25839222261.0,25839222261.0,-0.02,-0.02,-3.03,-14.05
754,601225,陕西煤业,20.66,0.93,0.19,529089.0,1093932101.0,3.32,20.98,20.3,20.4,20.47,1.04,0.55,13.11,2.25,200298700000.0,200298700000.0,0.0,0.05,7.32,-6.18
717,000937,冀中能源,5.97,1.02,0.06,189370.0,112151041.11,1.69,5.97,5.87,5.91,5.91,1.12,0.55,30.3,1.11,21095274695.0,20497381445.0,0.0,0.17,4.19,4.37
1212,601601,中国太保,34.79,-0.17,-0.06,366818.0,1278956750.0,2.32,35.3,34.49,34.78,34.85,0.83,0.54,6.0,1.19,334691679219.0,238138992219.0,-0.06,-0.03,-4.24,5.42
678,603816,顾家家居,31.05,1.11,0.34,42090.0,129011905.0,3.0,31.17,30.25,30.72,30.71,0.67,0.52,12.5,2.61,25506069665.0,25217761473.0,0.0,-0.22,28.95,18.51
589,600642,申能股份,7.74,1.44,0.11,255225.0,196131849.0,2.1,7.74,7.58,7.62,7.63,1.31,0.52,9.12,1.07,37880174370.0,37878113827.0,0.0,0.13,-5.26,-14.38
1148,600578,京能电力,4.14,0.0,0.0,350649.0,144047657.0,2.42,4.17,4.07,4.17,4.14,0.93,0.52,7.11,1.23,27715731002.0,27715731002.0,0.0,0.0,-9.41,21.76
2086,600809,山西汾酒,193.81,-1.12,-2.19,63464.0,1226699011.0,2.55,196.0,191.0,195.0,196.0,1.1,0.52,13.9,6.59,236441265866.0,236441265866.0,-0.03,0.03,13.46,8.79
1175,002078,太阳纸业,14.39,-0.07,-0.01,140651.0,200779070.59,2.71,14.49,14.1,14.4,14.4,0.78,0.51,11.3,1.32,40213360362.0,39966716755.0,0.14,0.0,9.51,-1.24
765,601577,长沙银行,9.09,0.89,0.08,203684.0,184915541.0,2.11,9.15,8.96,9.01,9.01,1.17,0.51,4.22,0.53,36555923624.0,36548014151.0,-0.11,-0.11,-10.0,7.32
972,601390,中国中铁,5.52,0.36,0.02,1047047.0,575507945.0,1.64,5.54,5.45,5.5,5.5,1.18,0.51,5.77,0.44,136570369233.0,113021215834.0,-0.18,-0.18,2.22,-11.11
2433,601881,中国银河,16.76,-1.41,-0.24,364213.0,608943049.0,1.82,16.89,16.58,16.88,17.0,0.73,0.5,14.12,1.6,183260581811.0,121399679361.0,0.06,0.0,-0.65,11.51
1484,600956,新天绿能,7.53,-0.53,-0.04,115127.0,86136775.0,2.11,7.57,7.41,7.53,7.57,1.26,0.49,11.21,1.42,31668868840.0,17681107738.0,0.0,0.0,0.94,2.73
1194,601611,中国核建,8.63,-0.12,-0.01,146546.0,125450421.0,1.97,8.65,8.48,8.65,8.64,0.96,0.49,16.3,1.22,26009389250.0,26009389250.0,-0.12,0.12,-5.27,-3.58
3157,601236,红塔证券,8.61,-1.94,-0.17,222955.0,191612915.0,2.73,8.75,8.51,8.75,8.78,0.88,0.47,30.29,1.61,40611542459.0,40611542459.0,-0.23,-0.23,2.26,2.62
704,001965,招商公路,9.76,1.04,0.1,315480.0,306374639.63,2.69,9.84,9.58,9.65,9.66,1.25,0.46,13.29,1.02,66566492965.0,66566492965.0,0.1,0.1,-15.35,-27.86
557,600036,招商银行,41.55,1.54,0.63,938851.0,3891395841.0,2.74,41.75,40.63,40.98,40.92,1.2,0.46,6.99,0.99,1047884584722.0,857132641025.0,-0.02,-0.1,-6.52,11.39
2608,600517,国网英大,5.75,-1.54,-0.09,262833.0,150324088.0,3.42,5.85,5.65,5.8,5.84,0.79,0.46,14.34,1.47,32881005528.0,32881005528.0,0.0,0.0,12.97,5.31
1862,600436,片仔癀,196.0,-0.91,-1.8,26869.0,527011611.0,1.59,198.15,195.0,198.15,197.8,1.05,0.45,40.99,8.09,118250173160.0,118250173160.0,-0.01,-0.09,-0.93,-7.84
2021,000596,古井贡酒,157.01,-1.06,-1.68,18378.0,289301863.84,1.99,159.49,156.33,158.72,158.69,0.61,0.45,11.33,3.3,82995486000.0,64154286000.0,0.03,-0.05,19.24,-6.15
2171,605499,东鹏饮料,284.39,-1.2,-3.46,23461.0,665350199.0,3.94,290.5,279.17,288.3,287.85,1.19,0.45,31.14,19.89,147886497070.0,147886497070.0,-0.06,-0.01,-10.91,16.78
794,601298,青岛港,8.63,0.82,0.07,240220.0,208059195.0,3.74,8.81,8.49,8.56,8.56,1.26,0.45,9.86,1.27,56018193000.0,46533607250.0,-0.23,-0.12,0.94,-3.14
585,600548,深高速,9.81,1.45,0.14,63136.0,61521099.0,2.07,9.81,9.61,9.68,9.67,1.03,0.44,12.97,1.12,24896368606.0,14060381898.0,0.1,0.1,-4.01,-25.91
365,600377,宁沪高速,12.82,2.56,0.32,165775.0,210451536.0,3.28,12.84,12.43,12.49,12.5,1.79,0.44,13.32,1.61,64583922950.0,48743986073.0,0.0,0.0,-14.36,-13.5
1256,000858,五 粮 液,122.19,-0.25,-0.31,172079.0,2101237748.88,1.39,123.26,121.56,122.01,122.5,0.83,0.44,12.17,3.38,474293682131.0,474273704921.0,-0.04,-0.01,5.83,-9.02
646,002595,豪迈科技,58.37,1.21,0.7,34814.0,201770290.68,2.13,58.59,57.36,57.78,57.67,0.8,0.44,19.51,4.2,46696000000.0,46378721752.0,-0.03,0.07,-0.78,17.23
1132,600282,南钢股份,4.81,0.0,0.0,265397.0,126566464.0,2.08,4.82,4.72,4.81,4.81,0.98,0.43,10.13,1.1,29654087763.0,29654087763.0,0.42,0.42,15.35,7.13
994,601228,广州港,3.4,0.29,0.01,328037.0,111003593.0,2.36,3.43,3.35,3.39,3.39,1.11,0.43,23.25,1.22,25651406593.0,25651406593.0,0.29,0.0,5.59,1.49
1454,601098,中南传媒,12.14,-0.49,-0.06,76994.0,93338829.0,1.48,12.24,12.06,12.2,12.2,0.64,0.43,10.72,1.38,21803440000.0,21803440000.0,-0.08,-0.08,-6.9,-16.62
1367,600177,雅戈尔,7.4,-0.4,-0.03,196777.0,145068567.0,1.21,7.42,7.33,7.42,7.43,0.9,0.43,9.97,0.8,34213470075.0,34213470075.0,0.14,0.27,2.64,-13.15
1407,000883,湖北能源,4.56,-0.44,-0.02,277891.0,126519403.1,1.31,4.59,4.53,4.57,4.58,1.27,0.43,15.45,0.87,29555409656.0,29547689430.0,0.0,0.22,0.88,-6.56
1671,000568,泸州老窖,132.61,-0.73,-0.97,61268.0,813636225.23,1.85,134.47,132.0,133.57,133.58,0.74,0.42,12.74,4.19,195195488813.0,194849888587.0,0.01,0.01,22.89,11.2
1113,601928,凤凰传媒,10.37,0.0,0.0,108067.0,111618722.0,0.87,10.38,10.29,10.37,10.37,0.95,0.42,8.32,1.32,26390613000.0,26390613000.0,0.0,0.0,-3.62,-6.07
1717,000166,申万宏源,5.15,-0.77,-0.04,938172.0,480765909.58,1.73,5.17,5.08,5.17,5.19,0.96,0.42,15.05,1.19,128955714484.0,116057862677.0,0.0,0.19,4.25,-2.83
757,600886,国投电力,13.18,0.92,0.12,311244.0,408962040.0,1.68,13.23,13.01,13.04,13.06,0.85,0.42,13.9,1.66,105499234373.0,98246089724.0,-0.15,-0.08,-9.42,-18.44
1232,600023,浙能电力,4.96,-0.2,-0.01,553183.0,273251368.0,1.21,4.97,4.91,4.96,4.97,0.88,0.41,9.47,0.9,66507314435.0,66507314435.0,0.2,0.2,-1.78,-7.64
615,002311,海大集团,63.43,1.34,0.84,68866.0,434825566.51,3.2,64.21,62.21,62.54,62.59,0.89,0.41,20.0,4.38,105531660597.0,105453726249.0,0.02,0.05,5.63,32.28
859,601186,中国铁建,7.92,0.64,0.05,460698.0,362731023.0,2.03,7.94,7.78,7.86,7.87,1.18,0.4,5.03,0.4,107549968680.0,91105704360.0,0.0,0.0,3.13,-10.71
1519,600019,宝钢股份,6.92,-0.57,-0.04,848512.0,585484781.0,1.72,6.97,6.85,6.93,6.96,0.68,0.39,15.45,0.74,150732026463.0,150732026463.0,0.14,0.14,4.85,0.29
2611,600295,鄂尔多斯,9.62,-1.54,-0.15,76990.0,73960072.0,3.17,9.81,9.5,9.78,9.77,0.91,0.39,13.62,1.33,26924227563.0,19005043563.0,0.1,0.0,11.21,5.02
1481,600968,海油发展,3.81,-0.52,-0.02,375241.0,142701167.0,1.57,3.84,3.78,3.84,3.83,0.95,0.37,10.59,1.4,38729046998.0,38729046998.0,0.0,0.0,-6.85,-7.97
787,003816,中国广核,3.63,0.83,0.03,1457715.0,528160969.38,2.22,3.65,3.57,3.6,3.6,1.05,0.37,15.4,1.52,183309958293.0,142785999543.0,-0.27,0.0,0.83,-10.15
961,603737,三棵树,46.23,0.39,0.18,27638.0,126931358.0,2.13,46.49,45.51,46.15,46.05,0.77,0.37,39.13,11.6,34109301777.0,34109301777.0,-0.13,0.0,25.18,53.08
827,600900,长江电力,27.32,0.74,0.2,872473.0,2375221478.0,1.33,27.39,27.03,27.12,27.12,1.07,0.36,25.6,3.24,668471708001.0,655878247662.0,-0.04,-0.04,-7.83,-4.51
1051,601006,大秦铁路,6.05,0.17,0.01,728880.0,440268976.0,0.99,6.07,6.01,6.05,6.04,0.97,0.36,14.81,0.74,121890425182.0,121890425182.0,0.0,-0.17,-5.91,-8.89
660,601816,京沪高铁,5.22,1.16,0.06,1739654.0,904883451.0,1.94,5.24,5.14,5.16,5.16,1.19,0.36,20.22,1.26,255392046311.0,255392046311.0,0.0,-0.19,-6.95,-13.58
940,603568,伟明环保,19.08,0.47,0.09,60677.0,114749865.0,2.05,19.09,18.7,18.99,18.99,0.99,0.36,11.41,2.35,32522968911.0,32464126191.0,0.05,0.05,0.0,-9.79
1774,600663,陆家嘴,8.48,-0.82,-0.07,109416.0,92117547.0,2.69,8.56,8.33,8.53,8.55,0.91,0.35,26.18,1.71,42698103198.0,26760197454.0,-0.12,0.0,-3.96,-13.03
3774,600777,*ST新潮,3.59,-2.45,-0.09,214119.0,77317979.0,3.8,3.7,3.56,3.65,3.68,0.74,0.34,12.74,1.04,24413780012.0,22854487084.0,-0.28,-0.28,11.84,61.71
758,601800,中国交建,8.8,0.92,0.08,399878.0,350407705.0,1.95,8.83,8.66,8.73,8.72,1.18,0.34,7.49,0.49,143251780540.0,103650247580.0,0.0,0.0,1.15,-13.3
2001,002736,国信证券,13.26,-1.04,-0.14,314220.0,415357689.57,2.99,13.4,13.0,13.3,13.4,0.67,0.33,12.65,1.44,135805512976.0,127460813539.0,0.0,-0.08,15.61,22.21
1068,601766,中国中车,7.49,0.13,0.01,768151.0,571198790.0,2.01,7.53,7.38,7.46,7.48,1.03,0.32,14.83,1.26,214954492019.0,182215207380.0,0.0,0.13,9.99,-8.32
1377,600519,贵州茅台,1447.42,-0.41,-5.93,38663.0,5588384388.0,1.2,1457.5,1440.0,1450.5,1453.35,1.07,0.31,19.96,7.6,1812560954595.0,1812560954595.0,0.02,0.0,3.01,-3.27
1688,600299,安迪苏,9.39,-0.74,-0.07,81850.0,76561098.0,2.22,9.49,9.28,9.46,9.46,0.97,0.31,17.01,1.5,25183052953.0,25183052953.0,0.0,-0.21,-3.4,-24.09
1025,601825,沪农商行,8.61,0.23,0.02,279725.0,241369211.0,1.75,8.68,8.53,8.59,8.59,1.29,0.3,5.92,0.65,83038666671.0,80713940480.0,-0.12,-0.12,-12.94,3.49
3356,601066,中信建投,25.7,-2.1,-0.55,185600.0,476948652.0,2.51,26.11,25.45,26.11,26.25,0.85,0.29,22.11,2.5,199347056283.0,166938745600.0,-0.04,-0.04,8.16,0.43
1913,600346,恒力石化,16.46,-0.96,-0.16,206348.0,339252341.0,2.47,16.71,16.3,16.64,16.62,0.99,0.29,18.99,1.85,115863582478.0,115863582478.0,0.12,0.12,16.0,10.47
1834,600007,中国国贸,21.19,-0.89,-0.19,29062.0,61191841.0,2.62,21.4,20.84,21.4,21.38,0.97,0.29,16.88,2.33,21344316895.0,21344316895.0,-0.19,-0.14,3.27,-9.29
1204,601808,中海油服,13.57,-0.15,-0.02,86089.0,116145743.0,1.55,13.61,13.4,13.55,13.59,1.05,0.29,16.49,1.45,64750503440.0,40173550760.0,0.0,0.0,-0.59,-9.65
830,000895,双汇发展,25.0,0.73,0.18,97302.0,241836706.28,1.25,25.01,24.7,24.81,24.82,1.18,0.28,18.64,4.16,86616530325.0,86605304175.0,0.04,0.12,4.87,1.79
1608,002304,洋河股份,69.32,-0.66,-0.46,41519.0,287677672.74,1.5,69.95,68.9,69.7,69.78,0.86,0.28,12.02,2.13,104426772530.0,104424308204.0,-0.04,-0.01,7.24,-12.12
793,600350,山东高速,8.6,0.82,0.07,131500.0,112585384.0,1.99,8.64,8.47,8.48,8.53,1.02,0.27,12.26,1.43,41577309095.0,41577309095.0,0.0,0.12,-16.34,-12.78
1138,002461,珠江啤酒,10.0,0.0,0.0,59661.0,59321291.28,1.4,10.02,9.88,10.0,10.0,0.83,0.27,18.07,2.06,22133284800.0,22133284800.0,0.0,0.0,-12.43,2.88
703,603195,公牛集团,45.07,1.05,0.47,48646.0,216312134.0,2.51,45.13,44.01,44.38,44.6,1.03,0.27,19.79,5.54,81513047098.0,81158820605.0,0.0,0.02,-5.93,-7.0
1489,603288,海天味业,39.3,-0.53,-0.21,152078.0,600554777.0,2.71,40.09,39.02,39.74,39.51,1.21,0.27,29.38,5.87,229976720299.0,218531601379.0,0.0,0.05,0.51,-12.74
1074,600039,四川路桥,8.49,0.12,0.01,179289.0,151554940.0,1.89,8.54,8.38,8.5,8.48,0.67,0.27,13.28,1.55,73825564576.0,57015160476.0,0.12,0.0,-10.73,23.04
1595,601633,长城汽车,24.5,-0.65,-0.16,163674.0,400033409.0,2.96,24.88,24.15,24.66,24.66,0.95,0.26,16.54,2.49,209667844278.0,152126436228.0,0.04,0.08,16.78,-5.33
1062,603156,养元饮品,21.14,0.14,0.03,31469.0,66174565.0,2.08,21.27,20.83,21.11,21.11,1.19,0.25,17.91,2.94,26642267745.0,26642267745.0,0.0,-0.05,1.25,0.76
1306,000708,中信特钢,12.66,-0.31,-0.04,125397.0,157981978.88,1.73,12.71,12.49,12.68,12.7,0.71,0.25,11.42,1.56,63897014203.0,63897014203.0,0.0,0.0,7.84,16.15
1033,601158,重庆水务,4.66,0.22,0.01,120697.0,55894152.0,1.29,4.67,4.61,4.65,4.65,1.1,0.25,24.42,1.32,22368000000.0,22368000000.0,0.0,0.22,-0.43,-2.31
1664,600000,浦发银行,12.45,-0.72,-0.09,771591.0,962632052.0,2.31,12.65,12.36,12.51,12.54,0.99,0.25,6.38,0.55,379687981618.0,379687981618.0,0.24,0.24,-9.59,26.01
379,601288,农业银行,6.65,2.47,0.16,7449079.0,4930463605.0,5.08,6.72,6.39,6.44,6.49,1.55,0.23,8.34,0.87,2327387175255.0,2122974001667.0,-0.15,0.0,14.07,30.39
567,601658,邮储银行,6.05,1.51,0.09,1538166.0,928951152.0,3.69,6.1,5.88,5.93,5.96,1.3,0.23,7.38,0.73,726575073627.0,406090490960.0,-0.49,-0.33,9.6,11.62
298,601398,工商银行,7.4,3.06,0.22,6288256.0,4616426036.0,3.9,7.41,7.13,7.16,7.18,1.73,0.23,7.84,0.7,2637406302459.0,1995130372789.0,0.14,0.0,-1.33,11.95
516,601988,中国银行,5.3,1.73,0.09,4545931.0,2403683929.0,3.65,5.35,5.16,5.19,5.21,1.6,0.22,7.26,0.65,1707725782614.0,1117057228684.0,0.0,0.0,-6.19,0.57
907,600018,上港集团,5.56,0.54,0.03,477017.0,265040940.0,1.99,5.61,5.5,5.54,5.53,1.13,0.21,8.05,0.95,129444390857.0,129073052312.0,-0.18,0.0,-0.71,-7.02
1668,002032,苏 泊 尔,49.55,-0.72,-0.36,16441.0,81620437.98,1.86,50.18,49.25,49.92,49.91,1.2,0.21,21.12,7.76,39707374770.0,39658215621.0,0.0,-0.04,-6.28,-1.73
671,300979,华利集团,55.54,1.13,0.62,23022.0,126034039.68,2.64,55.54,54.09,54.9,54.92,0.7,0.2,19.4,4.32,64815180000.0,64814613492.0,0.02,0.13,9.55,-26.29
947,600803,新奥股份,18.19,0.44,0.08,62034.0,112192946.0,1.38,18.23,17.98,18.11,18.11,0.81,0.2,11.7,2.44,56336023571.0,55959126462.0,-0.05,0.0,2.36,-11.91
1069,601319,中国人保,7.78,0.13,0.01,711809.0,554357798.0,2.32,7.89,7.71,7.74,7.77,0.95,0.2,6.48,1.23,344062646736.0,276172546216.0,-0.13,0.0,-9.43,4.57
604,001872,招商港口,20.57,1.38,0.28,34897.0,71369201.22,2.22,20.65,20.2,20.2,20.29,1.16,0.2,9.8,0.82,51457197830.0,35893833659.0,0.1,0.19,3.63,4.26
763,601088,中国神华,38.86,0.91,0.35,330174.0,1278886215.0,2.05,38.96,38.17,38.36,38.51,0.89,0.2,15.67,1.92,772090685451.0,640841734931.0,-0.03,0.0,0.47,-5.73
822,600028,中国石化,5.36,0.75,0.04,1424958.0,761518087.0,2.07,5.38,5.27,5.32,5.32,1.02,0.15,15.12,0.78,649512009421.0,508352181201.0,-0.19,-0.19,-3.77,-16.9
1537,601728,中国电信,6.69,-0.59,-0.04,1165313.0,779069383.0,1.63,6.76,6.65,6.72,6.73,0.78,0.15,13.3,1.31,612182757896.0,519342884996.0,0.0,0.15,-11.51,-3.74
747,601998,中信银行,7.46,0.95,0.07,585076.0,435642142.0,2.84,7.52,7.31,7.35,7.39,1.12,0.14,5.69,0.59,415112910489.0,304091974681.0,0.0,-0.13,-11.51,9.54
855,600025,华能水电,9.25,0.65,0.06,233330.0,215447697.0,1.52,9.29,9.15,9.19,9.19,1.09,0.13,18.06,2.77,166500000000.0,166500000000.0,-0.22,-0.22,-4.24,-0.64
721,001289,龙源电力,16.87,1.02,0.17,54462.0,91214909.15,1.92,16.9,16.58,16.63,16.7,1.04,0.11,20.89,1.88,141030098687.0,85057429347.0,0.06,0.12,3.82,8.98
1426,600236,桂冠电力,6.31,-0.47,-0.03,86981.0,54777354.0,1.58,6.35,6.25,6.34,6.34,0.82,0.11,20.94,2.83,49737803931.0,49737803931.0,0.0,-0.16,1.28,-5.54
929,601857,中国石油,8.14,0.49,0.04,1408235.0,1144091113.0,1.73,8.19,8.05,8.1,8.1,0.83,0.09,8.87,0.96,1489790759439.0,1318045713439.0,-0.12,0.0,-3.33,-3.9
1037,601628,中国人寿,37.95,0.21,0.08,113003.0,427932163.0,1.69,38.14,37.5,37.8,37.87,0.79,0.05,13.1,2.05,1072645554750.0,790252963500.0,0.03,0.0,-7.12,-8.49
